County,2008,2009,2010,2011,2012,2013,2014,2015,2016,2017,2018,2019,2020,2021,2022
ILLINOIS,808.57,780.63,775.86,787.19,795.13,801.92,817.23,831.17,834.92,858.65,864.67,859.68,1037.51,985.8,977.36
Adams,1259.28,1175.44,1073.56,1212.6,1148.36,1189.57,1173.73,1244.86,1162.84,1232.27,1327.28,1201.19,1336.6,1438.58,1296.55
Alexander,1311.9,1338.16,1108.94,1313.81,1282.88,1340.15,1538.9,1434.49,1563.71,1529.15,1423.61,1926.75,2205.46,2069.65,1983.06
Bond,870.73,946.64,1017.6,998.53,918.06,998.21,937.32,1150.67,1106.01,1045.17,973.73,1083.65,1198.75,1323.47,1167.15
Boone,673.3,583.52,600.73,672.44,731.37,703.3,768.89,742.83,759.75,805.41,895.66,737.71,914.83,944.09,945.96
Brown,812.06,847.34,997.25,668.41,725.69,888.69,746.49,695.99,873.89,1074.29,868.51,805.72,1124.14,1041.67,886.64
Bureau,1131.76,1018.31,1092.71,1085.92,978.39,1222.59,1122.4,1131.65,1338.48,1167.88,1186.32,1324.02,1434.12,1356.23,1294.67
Calhoun,1396.54,1180.64,961.54,1049.71,1123.37,1158.15,1055.84,1028.81,1026.9,1051.33,1035.41,1308.29,1543.0,1569.97,1998.62
Carroll,1246.96,1169.55,1299.21,1188.52,1302.82,1262.61,1271.73,1311.3,1212.66,1340.24,1334.36,1286.26,1627.11,1369.25,1540.54
Cass,1215.23,1086.4,1019.58,1041.9,1154.39,932.82,1307.24,1121.23,1254.73,1104.71,1104.61,1218.41,1254.71,1157.15,1012.82
Champaign,580.55,593.09,557.69,594.99,565.9,602.64,625.66,599.86,623.7,650.11,650.25,662.89,737.65,795.24,739.2
Chicago,743.91,712.49,689.46,692.11,695.48,690.64,696.83,708.72,729.15,728.2,727.76,728.66,939.33,846.2,827.19
Christian,1109.4,1108.94,1176.54,1164.2,1234.14,1104.02,1206.64,1338.79,1248.87,1236.1,1316.88,1389.92,1416.37,1486.51,1338.72
Clark,1268.49,1302.42,1252.23,1222.07,1150.13,1273.69,1389.67,1317.12,1122.53,1170.0,1314.1,1321.16,1477.74,1530.75,1431.4
Clay,1302.7,1432.08,1265.73,1282.33,1261.48,1291.13,1085.91,1477.5,1359.47,1168.05,1371.93,1183.25,1461.61,1382.66,1452.93
Clinton,960.72,931.69,779.54,838.79,886.12,956.77,873.93,998.27,912.26,1014.74,936.41,907.83,1138.18,989.64,1004.41
Coles,1000.86,848.69,963.5,852.23,964.03,982.04,885.33,1069.4,1011.92,903.55,1023.04,1043.05,1332.34,1273.45,1268.72
Cook,787.14,755.46,742.54,744.69,751.1,750.58,761.17,768.24,782.71,793.45,794.59,791.63,988.62,908.66,896.73
Crawford,1185.01,1269.84,1126.21,1082.12,1077.19,1260.61,1177.08,1256.82,1332.78,1185.77,1152.42,1039.27,1259.99,1273.82,1497.7
Cumberland,1099.1,1041.29,1049.49,1173.29,995.43,953.78,1043.67,1151.01,1002.94,1167.28,1027.4,1031.02,1274.8,1516.62,1212.65
DeKalb,602.29,645.77,629.61,638.58,673.6,650.66,682.86,672.78,672.56,727.65,721.62,710.22,894.59,889.71,833.14
DeWitt,1117.55,1342.36,982.52,948.76,1073.31,1117.69,1165.44,1217.25,1171.22,1276.25,1285.3,1413.22,1571.7,1486.72,1210.54
Douglas,1056.58,877.24,885.75,946.1,990.55,1057.35,1029.84,1013.36,917.52,1181.92,976.46,945.29,1143.49,1254.19,1215.23
DuPage,646.08,617.05,614.72,646.17,622.18,639.76,647.94,653.27,680.69,677.76,694.96,693.13,818.63,755.68,793.13
Edgar,1300.09,1237.41,1307.54,1043.99,1382.31,1454.77,1269.16,1442.94,1295.74,1311.1,1353.69,1433.48,1709.76,1677.12,1550.2
Edwards,1236.96,1108.61,1351.35,1004.65,1101.03,1271.12,1116.48,1075.1,1116.89,1271.71,1095.98,1219.7,1498.07,1462.85,1254.54
Effingham,877.89,898.61,970.08,995.04,1064.98,1046.26,1016.94,1184.14,886.74,1063.8,1161.46,1087.98,1282.31,1246.09,1139.94
Fayette,936.11,928.06,944.38,938.42,988.13,982.2,878.78,1157.2,1033.84,1055.13,1076.38,1059.24,1270.36,1138.17,1292.9
Ford,1489.89,1377.45,1406.15,1433.61,1390.59,1499.41,1477.1,1404.39,1565.31,1526.55,1581.9,1350.2,1746.47,1750.87,1471.03
Franklin,1411.02,1317.06,1366.3,1358.88,1342.03,1418.28,1348.68,1424.47,1328.21,1320.68,1274.07,1380.33,1628.78,1716.54,1588.07
Fulton,1182.03,1267.19,1178.66,1251.69,1232.68,1123.26,1305.74,1304.85,1350.32,1330.33,1398.22,1453.12,1633.47,1544.7,1615.3
Gallatin,1483.78,1509.5,1596.99,1511.84,1335.81,1578.17,1629.41,1417.35,1357.38,1676.2,1704.66,1491.3,1681.86,1859.04,2011.2
Greene,1339.93,1213.56,1065.51,1053.7,1017.87,1026.92,1229.97,1221.43,1447.84,1246.58,1224.65,1164.31,1667.23,1527.81,1701.03
Grundy,754.59,752.48,719.78,822.37,761.56,689.42,823.27,786.29,789.0,847.46,812.19,883.38,1035.87,995.11,974.62
Hamilton,1360.3,1302.08,1361.59,1353.12,1227.94,1449.45,1202.79,1139.67,1197.17,1430.14,1239.57,1355.35,1637.7,1301.66,1491.04
Hancock,1109.84,1048.22,921.9,1005.32,1056.88,1186.37,1238.81,922.27,1208.46,1236.22,1149.88,1140.73,1561.88,1369.71,1315.64
Hardin,1367.99,1358.2,1435.52,1257.57,1074.52,1795.55,1566.64,1327.76,1854.17,2039.78,1618.29,1517.93,2004.39,2283.36,2071.67
Henderson,1125.55,1021.8,1021.38,1094.79,1320.46,1163.29,1269.43,1129.06,1248.91,1290.51,1463.34,1309.06,1689.03,1728.51,1345.65
Henry,1006.1,1038.86,1123.84,1024.2,1010.97,1063.77,993.5,1126.15,1133.38,1060.57,1088.26,1099.91,1401.35,1226.72,1193.51
Iroquois,1283.58,1158.62,1279.42,1311.86,1294.97,1219.77,1291.83,1381.39,1441.61,1389.64,1469.95,1342.48,1641.71,1561.16,1706.11
Jackson,771.75,730.76,760.27,796.77,826.19,803.21,763.15,795.42,766.27,861.77,907.68,849.34,1164.66,1163.41,1080.47
Jasper,1144.49,948.36,1028.28,994.46,1147.64,1186.63,1038.1,1017.65,1179.17,1050.09,997.51,1009.37,1103.78,1348.85,1460.97
Jefferson,1168.62,1152.17,1143.08,1122.61,1114.91,1224.09,1172.67,1131.38,1065.05,1240.64,1264.98,1228.64,1511.02,1490.96,1389.38
Jersey,905.39,854.29,1030.66,1145.15,1087.63,1168.19,1062.6,1073.67,1239.35,1382.8,1261.76,1359.48,1507.4,1484.85,1392.1
Jo Daviess,977.33,1035.93,993.47,1042.4,1015.84,1080.41,1172.73,1078.58,1182.73,1204.93,1101.68,1059.57,1373.71,1183.32,1414.51
Johnson,947.04,1007.62,944.14,956.83,995.64,932.62,938.93,907.88,971.58,1201.71,1215.49,1038.9,1231.42,1306.41,1209.77
Kane,530.69,536.5,536.94,552.29,562.74,562.93,586.73,594.41,596.35,629.57,639.17,623.96,811.73,756.94,776.44
Kankakee,979.96,945.12,856.13,913.5,900.21,972.19,980.49,991.5,1062.3,1108.2,1048.63,1038.58,1262.31,1292.62,1161.34
Kendall,362.02,392.92,409.97,414.33,437.22,432.4,471.27,477.71,449.67,444.7,468.22,498.49,580.26,579.19,550.57
Knox,1294.57,1136.0,1324.84,1227.59,1342.2,1377.35,1251.35,1372.4,1337.47,1324.71,1362.6,1410.49,1638.88,1480.43,1526.12
LaSalle,1132.51,1050.89,1128.07,1160.9,1157.48,1094.01,1209.03,1221.41,1175.88,1235.15,1229.4,1222.98,1392.93,1314.58,1278.41
Lake,567.85,562.16,574.72,575.93,618.87,608.49,632.55,646.74,639.91,668.07,683.26,694.44,804.45,731.86,765.32
Lawrence,1157.37,1374.84,1180.64,1307.61,1231.47,1034.19,1189.47,1342.24,1322.46,1210.46,1321.7,1192.75,1395.07,1293.67,1249.08
Lee,970.45,1041.75,880.97,1019.41,942.75,1056.35,1088.51,1060.22,1058.16,1134.92,1108.0,1179.02,1344.61,1228.25,1222.82
Livingston,1013.54,1008.86,1070.67,1079.76,1119.16,1141.89,1112.43,1180.17,1190.9,1262.32,1321.61,1259.54,1422.11,1350.33,1399.33
Logan,1048.73,1041.46,1083.12,931.62,1063.97,1143.3,1176.67,1225.93,1241.17,1140.04,1303.96,1170.59,1486.82,1186.6,1366.3
Macon,1120.37,1012.35,1052.47,1066.1,1083.23,1106.23,1211.81,1163.56,1142.1,1191.66,1215.26,1232.59,1396.6,1397.7,1372.7
Macoupin,1178.99,1205.12,1081.66,1145.81,1222.0,1227.51,1175.12,1187.99,1324.11,1259.2,1226.89,1230.91,1478.06,1454.19,1532.08
Madison,997.64,982.98,975.46,992.42,994.88,1036.79,1103.67,1057.53,1043.51,1109.89,1142.31,1125.62,1275.02,1276.49,1249.75
Marion,1284.11,1259.34,1372.54,1389.85,1202.32,1352.5,1226.82,1457.29,1411.49,1415.47,1468.66,1306.28,1728.99,1589.13,1582.44
Marshall,1351.67,1160.13,1369.0,1257.31,1207.28,1360.49,1353.84,1383.65,1313.02,1585.53,1471.74,1346.39,1467.95,1576.96,1559.42
Mason,1316.67,1210.52,1371.92,1382.07,1298.7,1470.59,1276.32,1305.63,1345.52,1491.56,1411.36,1422.26,1799.66,1730.32,1598.55
Massac,1317.5,1224.49,1397.92,1406.98,1400.5,1374.01,1362.16,1510.26,1481.99,1518.44,1469.02,1394.13,1698.15,1706.58,1699.57
McDonough,904.49,910.74,903.97,904.03,835.43,1004.56,987.45,1033.42,1035.36,1040.4,1053.9,1132.0,1365.31,1201.64,1237.27
McHenry,606.35,557.02,603.34,613.28,642.38,629.38,662.32,669.76,672.62,712.77,721.49,695.64,831.28,814.98,840.93
McLean,693.54,643.64,645.43,622.55,644.97,633.58,666.84,690.19,655.8,704.47,743.0,714.21,835.92,825.79,838.41
Menard,1001.56,1037.74,953.06,842.65,1103.14,938.59,1103.29,955.0,1056.62,1130.72,984.62,959.33,1051.34,1339.69,1201.13
Mercer,888.89,1052.44,956.79,999.02,1237.39,1157.08,1050.25,1168.55,1211.38,1300.62,1395.41,1178.99,1413.77,1322.21,1422.78
Monroe,919.07,794.57,766.81,846.03,757.67,911.62,864.64,918.82,757.82,883.58,901.87,949.85,1064.29,1022.74,1051.4
Montgomery,1288.15,1244.85,1166.23,1111.71,1148.03,1215.86,1236.04,1253.77,1266.3,1229.98,1244.29,1340.89,1499.89,1638.06,1376.29
Morgan,1235.98,1008.37,952.03,1149.91,1141.09,1117.14,1087.3,1196.9,1120.35,1156.37,1266.64,1265.67,1476.63,1341.67,1464.49
Moultrie,1370.14,1075.27,1386.37,1299.14,1230.33,1209.79,1294.83,1343.01,1327.86,1169.99,1303.93,1461.97,1491.61,1483.41,1370.43
Ogle,821.53,842.95,881.79,849.92,911.4,971.95,984.0,994.98,977.56,1060.93,1018.1,1070.24,1185.87,1150.32,1123.77
Peoria,949.12,906.76,923.63,932.78,951.33,957.89,934.87,1011.9,995.44,1012.46,1025.91,1024.67,1163.14,1196.85,1153.93
Perry,1199.07,1010.1,1120.32,1037.6,1048.25,1059.22,1202.36,1170.95,1089.24,1113.67,1144.53,1133.1,1273.58,1437.14,1335.8
Piatt,999.04,959.82,855.83,1037.23,1024.18,1205.19,1145.71,831.8,1065.12,1102.18,934.86,1070.73,1133.03,1247.24,1121.44
Pike,1275.96,1214.11,1219.96,1339.61,1133.42,1250.7,1297.32,1323.2,1327.66,1378.61,1211.93,1368.81,1741.8,1614.12,1641.49
Pope,1297.52,699.62,1296.38,1356.16,1121.33,1009.65,1120.0,1165.23,1195.6,1482.19,1195.03,1125.21,1411.83,1915.91,1655.1
Pulaski,1339.14,1135.63,1403.85,1453.39,1610.2,1153.91,1449.03,1873.78,1302.64,1213.77,1564.23,1686.97,1531.01,2108.37,2060.61
Putnam,935.05,1050.53,798.4,853.41,998.31,905.21,1063.1,960.36,1068.3,1194.24,958.86,940.93,1047.96,1270.58,882.41
Randolph,1107.67,1166.19,1001.08,1160.81,1061.22,1115.3,1119.56,1176.61,1193.93,1148.71,1174.75,1135.86,1435.69,1470.0,1272.23
Richland,1313.74,1115.29,1216.5,1111.8,1128.05,1268.12,1392.01,1416.31,1421.44,1300.75,1261.55,1244.12,1690.94,1687.07,1523.63
Rock Island,1071.86,958.31,978.93,1073.53,1048.27,1037.59,1067.09,1070.54,1116.3,1135.38,1148.5,1116.44,1350.1,1242.63,1224.22
Saline,1515.51,1344.79,1509.92,1312.88,1336.6,1495.79,1449.22,1526.84,1522.91,1648.37,1517.51,1562.3,1709.58,1814.2,1600.73
Sangamon,913.41,983.79,892.96,889.28,946.82,929.49,958.91,1010.57,957.45,1044.8,1033.54,1027.37,1135.39,1084.6,1147.56
Schuyler,1060.59,1135.0,1021.9,1299.57,1059.55,1082.25,977.83,1328.49,1408.25,1280.94,1703.06,1108.16,1426.91,1581.03,1451.21
Scott,930.58,930.58,1126.34,1204.82,1115.94,1247.36,1044.49,1232.88,1247.03,1304.44,974.22,1333.06,1376.24,1422.97,1446.24
Shelby,1169.75,1107.84,1051.27,1036.9,1026.89,1011.88,1149.22,1205.37,1049.1,1042.53,1132.28,1220.3,1324.16,1538.68,1400.29
St. Clair,929.39,922.2,877.37,910.95,933.85,929.8,956.6,947.3,945.34,1018.28,1042.24,1007.76,1233.04,1206.47,1142.05
Stark,933.05,1390.04,1390.52,1386.51,1533.37,1139.35,1642.56,1671.21,1215.53,1337.73,1624.22,1216.77,1616.5,1835.73,1411.63
Stephenson,1071.02,1111.06,1086.0,1065.02,1126.14,1150.61,1108.73,1186.83,1239.48,1277.86,1236.69,1280.96,1539.22,1484.27,1460.19
Suburban Cook,834.54,802.1,799.79,801.38,811.12,815.23,830.59,832.58,840.74,864.5,867.67,860.7,1042.27,976.86,972.94
Tazewell,1010.51,983.31,997.15,1032.76,968.95,1030.34,1040.24,1115.4,1035.6,1051.77,1092.49,1069.02,1277.79,1317.36,1278.45
Union,1235.74,1222.85,1111.05,1254.8,1311.9,1345.57,1298.7,1330.71,1245.25,1331.92,1348.62,1465.2,1652.7,1642.93,1389.22
Vermilion,1130.23,1116.14,1129.35,1206.18,1198.34,1113.11,1302.28,1287.1,1217.93,1297.48,1267.24,1316.03,1493.06,1621.02,1603.26
Wabash,1118.61,1063.12,1342.73,1297.27,1215.13,1225.26,1163.89,1169.99,1308.27,1102.14,980.65,1145.83,1404.84,1436.47,1512.68
Warren,1183.13,1068.46,942.81,1087.69,1047.95,1030.46,1010.61,1099.97,1023.48,1038.26,1177.02,1169.56,1521.91,1302.38,1271.39
Washington,1117.47,914.94,978.79,1042.81,1089.12,1110.03,1042.25,1100.83,1227.17,1002.65,1135.8,957.73,1333.53,1224.34,1328.64
Wayne,1305.38,1227.07,1165.01,1224.42,1212.78,1308.21,1428.23,1162.44,1178.82,1242.99,1237.29,1387.6,1519.29,1516.67,1697.91
White,1392.25,1476.26,1637.32,1309.12,1556.26,1503.39,1647.39,1675.58,1477.38,1819.75,1534.73,1691.66,1839.51,1838.93,1780.07
Whiteside,1110.85,1049.99,1060.08,1130.63,1187.55,1110.18,1076.8,1134.95,1161.56,1279.6,1274.46,1198.01,1473.95,1368.85,1420.58
Will,568.97,551.73,554.05,568.28,583.46,587.07,616.35,631.45,654.05,691.69,696.23,696.79,846.27,790.79,797.23
Williamson,1154.19,1132.43,1112.42,1149.37,1117.17,1110.45,1102.18,1097.47,1156.34,1203.6,1133.14,1076.63,1299.28,1329.19,1331.45
Winnebago,894.07,864.31,884.16,908.93,929.53,996.41,1000.02,1045.8,1011.31,1073.48,1079.58,1062.38,1224.57,1249.77,1227.88
Woodford,894.62,956.69,905.31,888.17,970.72,945.5,993.55,1058.31,968.83,1039.57,965.56,1021.87,1168.88,1101.52,1173.48
