County,Total_Deaths,Diseases_of_Heart,Malignant_Neoplasms,Cerebrovascular_Diseases,Accidents,Chronic_Lower_Respiratory_Diseases,Alzheimers_Disease,Diabetes_Mellitus,Nephritis_Nephrotic_Syndrome_Nephrosis,Influenza_and_Pneumonia,Septicemia,Intentional_Self_Harm,Chronic_Liver_Disease_Cirrhosis,All_Other_Causes,COVID_19
ILLINOIS,103069,25979,24210,5765,5584,4173,3188,2839,2663,2571,1956,1188,1144,21809,
Adams,843,199,157,49,68,27,22,27,38,26,14,14,6,196,
Alexander,111,27,26,12,2,3,1,7,3,5,4,1,0,20,
Bond,156,43,36,8,9,11,9,2,8,3,1,0,1,25,
Boone,365,95,80,24,26,17,17,13,7,4,7,5,5,65,
Brown,56,18,8,4,4,2,0,1,1,0,2,0,2,14,
Bureau,397,102,95,17,22,21,18,7,10,23,2,6,5,71,
Carroll,195,49,48,16,14,10,1,4,6,9,2,1,3,32,
Cass,166,47,37,9,16,5,6,1,2,6,2,2,1,32,
Champaign,1147,254,257,58,70,68,51,29,27,21,16,15,7,274,
Christian,388,95,90,19,25,20,9,6,15,8,7,2,3,89,
Clark,211,69,47,13,12,11,5,7,2,4,5,1,1,34,
Clay,182,43,44,13,15,10,4,4,3,2,6,5,0,33,
Clinton,360,83,85,21,24,15,21,8,10,6,6,2,4,75,
Coles,535,138,130,40,40,19,15,14,11,17,6,9,5,91,
Cook,40631,10744,9682,2164,1703,1420,939,1180,1091,1040,1004,414,477,8773,
Crawford,235,61,59,18,21,7,5,4,7,10,0,3,0,40,
Cumberland,122,21,33,8,9,4,2,3,7,4,2,4,4,21,
DeKalb,630,160,127,45,28,32,31,30,9,10,7,6,7,138,
DeWitt,187,39,45,11,15,10,14,4,1,2,2,2,1,41,
Douglas,211,49,46,16,13,11,8,6,11,5,0,3,0,43,
Edgar,244,76,45,21,19,9,13,1,4,1,0,3,4,48,
Edwards,83,32,16,5,3,5,0,0,2,4,0,0,1,15,
Effingham,300,68,69,21,18,17,9,7,4,13,1,3,1,69,
Fayette,206,52,50,10,18,4,9,10,5,2,1,2,0,43,
Ford,210,51,40,10,14,13,11,3,7,8,5,0,2,46,
Franklin,558,120,127,26,38,26,41,23,13,24,11,6,8,440,
Greene,187,51,39,11,12,12,5,6,8,9,4,0,3,27,
Grundy,371,94,96,14,10,20,16,18,10,10,5,2,5,71,
Hamilton,115,47,22,7,9,7,1,1,4,4,1,2,1,9,
Hancock,213,59,46,11,10,12,7,5,11,6,4,1,2,39,
Hardin,60,13,13,5,4,7,0,4,0,0,2,0,0,12,
Henderson,84,22,17,6,4,4,2,4,2,2,0,4,1,16,
Henry,508,141,116,24,35,27,21,12,18,11,9,7,2,85,
Iroquois,388,92,86,31,29,6,26,13,6,9,6,5,4,75,
Jackson,460,108,117,18,28,25,28,14,9,11,4,6,5,87,
Jasper,112,28,28,8,5,4,1,1,5,3,1,6,0,22,
Jefferson,459,106,98,20,41,24,20,12,35,10,9,7,3,209,
Johnson,120,27,34,5,7,3,4,2,2,5,4,0,1,26,
Kane,2677,597,660,135,137,100,81,91,60,66,62,34,34,0,
Kankakee,1104,305,236,53,60,44,81,24,31,33,18,10,10,199,
Kendall,393,83,96,13,19,29,15,15,4,10,5,11,4,89,
Knox,684,148,121,44,70,36,42,14,24,10,7,9,2,157,
Lake,3960,864,1030,226,211,183,118,106,78,82,56,74,54,878,
LaSalle,1293,348,305,70,71,56,43,34,38,19,13,9,20,267,
Lawrence,196,51,30,9,14,13,17,2,4,8,5,2,2,39,
Lee,352,69,98,21,25,13,14,10,7,12,7,4,3,69,
Livingston,396,111,87,23,24,27,10,14,10,12,8,7,4,320,
McDonough,295,84,69,33,21,6,6,4,7,2,2,3,2,56,
McHenry,1863,448,466,108,94,80,65,59,38,27,24,24,32,398,
McLean,1157,299,260,57,71,54,66,33,22,20,12,19,21,223,
Macon,1239,307,300,84,73,33,28,32,14,49,32,16,5,266,
Macoupin,567,153,132,30,36,26,15,17,18,15,5,7,7,2676,
Marion,511,129,109,24,40,22,26,20,17,21,9,5,4,172,
Mason,197,45,53,10,18,7,10,4,5,3,4,1,0,37,
Massac,203,48,47,9,17,9,5,5,3,14,1,2,2,41,
Menard,128,25,29,11,13,5,2,2,5,2,0,0,0,34,
Mercer,148,34,31,3,22,6,11,5,1,8,1,2,2,299,
Montgomery,390,100,89,37,20,16,24,8,13,7,2,5,1,442,
Ogle,442,93,98,32,29,18,23,13,10,13,7,9,2,95,
Peoria,1754,433,413,108,95,66,49,44,55,45,41,23,19,363,
Perry,269,66,61,14,17,14,8,14,6,4,2,2,1,60,
Piatt,167,34,40,7,8,9,4,7,6,2,0,0,3,47,
Pike,212,40,45,13,15,7,4,7,9,6,5,1,4,56,
Pope,57,14,15,2,7,3,1,0,1,1,0,1,1,11,
Pulaski,83,26,14,5,5,3,2,1,1,4,0,2,0,20,
Putnam,56,7,22,3,3,7,2,2,0,1,2,2,2,3,
Randolph,372,82,79,26,31,12,17,16,9,8,2,3,1,86,
Richland,211,44,42,15,17,13,0,2,8,10,3,2,2,53,
St. Clair,2477,574,563,137,158,110,89,108,39,55,47,31,23,543,
Saline,381,89,86,25,18,12,27,10,10,13,4,4,7,76,
Sangamon,1782,415,389,116,108,87,34,40,48,49,25,14,35,422,
Schuyler,80,29,17,1,6,3,0,5,1,2,0,1,1,14,
Scott,50,15,12,2,3,3,0,1,0,0,2,2,0,10,
Shelby,262,67,68,16,11,15,3,9,9,9,2,2,3,48,
Stark,57,13,20,2,3,1,1,0,2,4,0,1,0,10,
Stephenson,512,107,124,40,38,19,10,14,8,9,9,6,4,124,
Tazewell,1353,284,308,74,82,57,74,33,44,34,21,13,9,320,
Union,222,56,51,12,10,8,10,2,10,12,6,3,2,40,
Vermilion,926,226,212,49,93,44,14,26,18,12,16,8,4,136,
Warren,209,64,33,21,8,11,4,3,9,4,2,7,2,41,
Washington,166,46,38,14,7,12,2,5,3,4,5,3,2,25,
Wayne,221,65,41,17,24,8,1,1,12,5,4,2,3,38,
White,207,60,42,8,24,4,8,4,5,8,6,3,0,35,
Whiteside,653,177,141,45,46,31,16,23,21,13,5,6,6,3820,
Williamson,758,189,154,44,65,36,31,16,17,33,16,13,8,136,
Winnebago,2644,618,655,149,152,142,67,49,45,67,29,25,39,607,
Woodford,344,85,57,23,22,15,19,8,9,4,0,3,4,95,
ILLINOIS,99896,24891,24159,5298,5243,3958,2896,2740,2688,2412,1993,1166,1111,21341,
Adams,788,197,149,80,39,32,16,21,16,25,17,10,7,179,
Alexander,111,38,21,8,4,2,1,6,7,3,2,1,0,18,
Bond,168,43,45,11,10,5,9,5,5,10,4,0,1,20,
Boone,316,80,72,16,21,11,17,15,3,4,9,7,10,51,
Brown,59,15,12,4,6,0,0,3,1,0,1,1,0,16,
Bureau,357,93,94,26,21,16,11,5,12,15,3,4,2,55,
Calhoun,60,22,12,5,4,4,2,1,2,0,1,0,1,6,
Carroll,181,46,51,15,6,10,2,5,3,1,4,0,0,38,
Cass,148,54,33,10,3,9,2,2,3,6,5,0,0,21,
Champaign,1186,236,275,59,51,63,51,37,28,31,28,24,7,296,
Christian,386,95,100,17,23,11,14,8,11,12,8,4,4,79,
Clark,214,50,53,14,20,12,9,5,5,4,2,1,1,38,
Clay,198,49,44,21,9,8,2,7,8,5,3,2,2,38,
Clinton,349,90,91,10,23,18,19,10,7,8,10,5,2,56,
Coles,455,119,88,47,25,19,12,18,10,15,10,7,5,80,
Cook,39146,10339,9466,1584,1966,1313,883,1162,1161,984,994,396,464,8434,
Chicago,19216,5251,4431,716,933,747,358,624,563,497,516,187,252,4141,
Suburban Cook,19930,5088,5035,868,1033,566,525,538,598,487,478,209,212,4293,
Crawford,252,64,58,13,21,10,7,8,5,10,3,3,2,48,
Cumberland,115,27,26,9,3,7,1,8,1,2,2,1,0,28,
DeKalb,679,157,160,32,29,41,35,15,18,6,11,12,5,158,
DeWitt,222,47,54,17,9,9,10,10,8,3,0,2,0,53,
Douglas,175,45,41,16,10,4,7,3,7,7,1,0,1,33,
Edgar,231,74,44,31,12,7,15,3,6,4,2,2,0,31,
Edwards,74,22,14,5,3,6,0,1,2,0,3,0,1,17,
Effingham,308,76,85,17,23,22,10,13,5,9,1,0,2,45,
Fayette,205,45,42,20,15,11,7,9,6,11,0,2,2,35,
Ford,194,42,44,9,9,4,18,1,6,5,5,3,0,48,
Franklin,520,90,115,46,26,23,40,29,19,10,15,2,4,101,
Fulton,470,115,108,21,24,16,17,12,5,12,10,3,4,123,
Gallatin,85,26,20,6,4,3,1,2,3,2,3,2,2,11,
Greene,169,38,45,4,7,11,3,6,5,5,3,3,2,37,
Grundy,374,102,109,14,17,25,16,7,8,6,3,4,6,57,
Hamilton,110,46,27,7,6,0,1,2,6,0,2,1,0,12,
Hancock,200,59,42,16,6,12,6,3,7,4,4,1,0,40,
Hardin,59,11,18,8,5,5,0,1,2,1,0,0,0,8,
Henderson,75,25,17,7,2,3,5,0,0,2,1,3,1,9,
Henry,525,135,129,31,34,18,10,13,12,9,10,9,2,113,
Iroquois,346,96,72,22,24,10,25,10,7,9,6,3,2,60,
Jackson,436,95,107,28,27,24,19,9,17,6,12,5,7,80,
Jasper,92,30,20,6,6,1,4,3,2,6,1,1,0,12,
Jefferson,449,96,104,31,17,19,23,9,10,50,13,2,5,70,
Jersey,197,61,43,10,9,10,15,8,4,1,0,0,0,36,
Jo Daviess,235,59,55,10,22,11,14,2,7,4,4,1,3,43,
Johnson,127,25,34,12,11,4,4,2,1,4,2,2,4,22,
Kane,2743,606,668,127,151,114,64,92,75,56,54,32,41,663,
Kankakee,1069,258,234,77,44,46,46,15,52,28,30,8,15,216,
Kendall,442,95,108,24,18,24,11,8,18,10,3,13,4,106,
Knox,600,182,130,48,33,23,23,12,5,15,3,8,0,118,
Lake,3941,850,1013,239,196,160,120,123,92,100,58,64,45,881,
LaSalle,1198,348,273,61,54,73,38,29,22,31,14,10,15,230,
Lawrence,231,55,36,13,16,10,17,8,6,4,2,1,2,61,
Lee,377,86,109,19,14,20,13,8,6,6,7,7,5,77,
Livingston,394,116,101,24,16,14,9,12,14,7,8,4,1,68,
Logan,316,61,61,26,20,16,14,10,6,7,5,1,2,87,
McDonough,297,87,70,14,28,7,4,7,3,10,4,4,3,56,
McHenry,1716,356,472,119,85,87,52,52,27,41,17,35,23,350,
McLean,1086,246,245,68,49,61,65,26,13,20,11,21,8,253,
Macon,1121,300,293,54,73,35,20,23,31,12,14,18,4,244,
Macoupin,574,137,123,34,31,29,21,16,15,15,10,8,7,128,
Madison,2644,681,601,176,133,139,90,68,75,63,49,39,44,486,
Marion,497,142,107,33,28,28,14,14,15,13,7,3,2,91,
Marshall,147,41,28,5,11,6,11,2,2,0,5,2,1,0,
Mason,179,46,40,11,12,9,13,2,2,3,5,3,3,30,
Massac,189,52,35,11,12,11,1,9,6,2,2,4,1,43,
Menard,132,35,30,2,7,9,9,2,1,7,3,0,2,25,
Mercer,173,54,28,12,7,10,11,5,6,6,1,2,0,31,
Monroe,261,63,57,11,21,9,7,6,3,2,6,3,1,72,
Montgomery,375,87,86,21,24,21,21,8,12,16,2,4,6,67,
Morgan,359,90,85,21,21,18,12,7,2,13,8,7,4,71,
Moultrie,159,35,30,9,9,7,4,8,8,2,2,2,1,42,
Ogle,452,128,96,27,31,22,23,6,10,10,6,5,3,85,
Peoria,1695,350,424,115,112,74,48,37,38,38,23,24,19,393,
Perry,226,63,49,16,12,4,10,6,11,4,8,2,2,39,
Piatt,161,42,35,6,12,8,3,3,3,4,1,1,2,41,
Pike,200,39,42,22,7,10,2,6,6,3,1,3,1,58,
Pope,31,9,3,2,3,1,0,1,3,0,1,4,0,4,
Pulaski,70,24,10,5,8,2,2,1,1,5,1,1,0,10,
Putnam,63,12,23,2,4,2,1,2,1,0,3,0,2,11,
Randolph,391,101,98,10,14,19,10,12,16,10,11,5,3,82,
Richland,181,52,47,9,6,12,1,0,4,4,3,6,2,35,
Rock Island,1414,386,327,84,67,51,54,40,32,22,18,12,12,309,
St. Clair,2476,538,560,196,151,112,74,108,59,47,49,25,19,538,
Saline,335,76,69,23,20,10,17,9,14,10,11,4,7,65,
Sangamon,1930,469,459,136,94,85,45,42,35,46,26,25,22,446,
Schuyler,85,25,20,5,6,4,1,1,3,4,2,2,1,11,
Scott,50,12,9,3,5,3,0,0,1,2,2,0,0,13,
Shelby,248,65,67,9,24,13,5,8,2,7,2,2,2,42,
Stark,84,25,15,4,2,4,7,2,0,3,2,0,0,20,
Stephenson,531,111,127,34,41,18,11,14,9,17,12,4,6,127,
Tazewell,1328,323,345,86,73,42,40,33,26,34,33,11,12,270,
Union,219,42,49,15,11,8,15,5,8,9,5,1,1,50,
Vermilion,912,213,231,80,54,45,12,21,22,18,21,10,14,171,
Wabash,128,28,25,7,4,9,3,3,8,2,3,3,5,28,
Warren,189,46,41,13,21,6,5,8,1,5,3,5,0,35,
Washington,135,33,31,9,11,7,1,1,6,2,2,2,1,29,
Wayne,206,57,46,13,13,3,2,5,7,4,3,4,0,49,
White,218,57,58,15,10,7,11,10,3,4,2,2,0,39,
Whiteside,616,169,158,41,34,23,23,18,12,8,3,6,4,117,
Will,3724,874,1004,164,168,161,81,101,101,81,58,44,65,822,
Williamson,750,173,186,43,38,23,17,16,33,31,15,12,7,156,
Winnebago,2555,609,629,153,137,139,52,43,65,40,28,32,31,597,
Woodford,370,78,90,24,19,16,29,9,8,12,2,7,3,73,
ILLINOIS,99624,24868,24016,5333,5219,3961,2915,2607,2499,2205,1858,1169,1119,21855,
Adams,721,153,151,42,53,28,26,24,15,26,10,6,4,183,
Alexander,91,28,12,4,6,6,0,2,3,0,1,1,1,27,
Bond,181,52,27,9,14,17,9,4,4,4,3,3,2,33,
Boone,325,71,91,17,18,16,8,11,7,7,4,3,12,60,
Brown,69,14,11,5,10,2,0,1,1,1,2,1,0,21,
Bureau,382,98,86,31,23,22,15,10,3,14,3,9,2,66,
Calhoun,49,14,12,5,6,5,1,2,0,0,1,2,0,1,
Carroll,200,46,49,8,21,15,4,2,4,4,1,3,3,40,
Cass,139,34,33,11,9,3,0,0,6,4,0,1,2,36,
Champaign,1124,230,260,59,83,60,50,36,22,20,16,17,8,263,
Christian,409,111,97,29,25,16,10,12,9,9,7,3,5,76,
Clark,204,56,39,9,16,13,15,5,7,7,1,2,5,29,
Clay,175,31,38,12,11,13,1,1,3,5,9,2,0,49,
Clinton,295,64,72,14,15,14,8,17,1,6,5,3,2,74,
Coles,519,132,117,41,40,26,14,10,10,8,7,6,7,101,
Cook,38605,10247,9431,1978,1588,1281,879,1057,1102,893,864,390,449,8446,
Chicago,18598,5077,4494,882,687,672,345,504,598,433,460,171,226,4046,
Suburban Cook,20007,5170,4937,1096,901,609,534,553,504,460,404,219,223,4400,
Crawford,223,60,48,16,11,7,9,11,3,4,4,3,2,45,
Cumberland,116,30,28,7,13,10,3,1,3,0,0,0,0,21,
DeKalb,662,161,147,34,37,23,33,17,22,14,7,2,7,158,
DeWitt,163,37,36,11,20,7,9,5,3,2,1,0,0,32,
Douglas,177,46,45,6,10,8,7,1,4,6,2,1,1,40,
Edgar,242,74,40,17,20,7,18,8,2,4,5,4,2,41,
Edwards,91,18,25,4,6,4,1,1,0,3,3,3,2,21,
Effingham,332,72,67,23,24,28,9,7,13,9,4,0,3,73,
Fayette,209,41,51,11,9,12,12,2,6,10,4,5,2,44,
Ford,198,48,47,11,8,5,11,7,2,3,2,2,1,51,
Franklin,547,98,112,22,50,28,46,20,29,14,20,6,3,99,
Fulton,437,111,100,22,18,17,18,9,9,4,10,4,2,113,
Gallatin,89,31,17,4,4,3,2,8,2,2,3,2,2,9,
Greene,148,39,38,9,6,5,4,6,7,3,3,1,0,27,
Grundy,361,78,80,26,13,22,17,7,14,5,5,5,4,85,
Hamilton,115,42,40,4,2,4,1,5,1,1,2,1,0,12,
Hancock,176,50,52,10,12,3,7,0,3,3,3,0,1,32,
Hardin,62,13,17,1,6,4,2,2,1,1,1,2,0,12,
Henderson,75,23,23,3,7,3,3,0,1,1,1,1,0,9,
Henry,567,137,152,40,31,23,9,11,7,6,11,9,7,124,
Iroquois,380,101,85,33,16,13,28,11,16,3,11,5,4,54,
Jackson,459,108,104,23,29,14,14,15,16,8,13,3,3,109,
Jasper,100,25,22,2,5,8,7,3,0,7,1,2,1,17,
Jefferson,443,87,101,20,26,18,21,14,7,42,5,6,8,88,
Jersey,237,67,56,7,16,12,13,6,10,5,5,2,2,36,
Jo Daviess,225,54,62,14,12,6,11,6,0,6,2,2,3,47,
Johnson,119,15,28,6,5,8,2,5,1,2,8,1,1,37,
Kane,2771,597,703,166,114,100,66,82,71,54,46,48,37,687,
Kankakee,971,258,264,43,56,35,44,29,20,26,15,8,10,163,
Kendall,473,98,121,30,23,17,9,21,12,8,4,8,6,116,
Knox,701,171,145,36,64,31,34,12,17,28,10,8,10,135,
Lake,4047,937,1013,180,197,189,115,109,105,94,54,67,55,932,
LaSalle,1284,342,306,87,72,73,42,16,19,25,15,15,19,253,
Lawrence,200,30,43,5,19,9,15,6,7,6,6,6,2,46,
Lee,317,87,73,15,22,17,11,6,3,3,5,4,5,66,
Livingston,416,130,68,38,26,13,15,9,14,11,11,3,4,74,
Logan,328,67,85,17,7,10,22,4,6,6,4,2,2,96,
McDonough,295,91,61,18,16,7,5,7,6,12,5,4,1,62,
McHenry,1865,409,504,76,95,89,48,41,43,27,27,41,26,439,
McLean,1096,255,288,56,65,53,56,23,25,20,12,17,16,2010,
Macon,1166,307,296,78,64,32,20,36,21,14,22,8,12,256,
Macoupin,517,140,110,28,41,24,17,12,8,16,8,3,4,106,
Madison,2627,678,635,155,155,155,82,60,59,52,53,28,21,494,
Marion,541,139,138,17,28,25,15,18,19,20,15,9,3,95,
Marshall,173,53,40,13,10,4,13,2,1,0,2,2,3,30,
Mason,201,36,46,11,15,15,9,9,4,4,3,2,2,45,
Massac,215,54,52,9,15,9,5,5,6,2,0,3,1,54,
Menard,121,38,26,2,3,4,2,1,3,4,1,2,0,35,
Mercer,157,44,39,5,6,7,12,5,5,1,1,2,2,28,
Monroe,253,52,63,16,12,13,13,4,2,8,5,1,1,63,
Montgomery,351,85,88,16,23,12,18,3,11,15,9,3,4,64,
Morgan,338,92,74,11,32,22,5,4,7,17,1,0,1,72,
Moultrie,206,59,42,11,13,7,1,8,14,4,0,1,0,46,
Ogle,471,110,119,32,24,25,26,17,8,3,8,6,4,89,
Peoria,1720,358,423,108,96,65,51,38,37,55,43,19,17,410,
Perry,250,59,48,13,25,9,8,11,7,5,7,4,3,51,
Piatt,143,37,29,8,7,7,4,1,5,4,2,1,1,37,
Pike,200,34,43,20,14,10,3,4,8,6,4,0,4,50,
Pope,58,12,16,5,5,3,0,1,2,1,0,0,0,13,
Pulaski,86,23,28,2,4,3,1,5,1,0,1,0,0,18,
Putnam,48,10,10,2,1,3,2,0,2,0,0,1,3,14,
Randolph,335,76,62,12,27,21,16,12,10,8,4,4,2,81,
Richland,197,54,43,15,7,5,0,6,2,5,1,1,1,57,
Rock Island,1445,422,339,71,94,48,32,22,34,35,30,14,19,285,
St. Clair,2372,527,554,141,158,93,76,62,86,36,37,29,29,544,
Saline,376,96,75,23,25,15,25,14,7,8,12,5,5,66,
Sangamon,1766,422,398,86,125,101,50,33,35,29,19,28,33,407,
Schuyler,77,27,19,5,4,5,0,1,0,2,0,1,0,13,
Scott,60,13,14,2,8,5,0,1,1,6,0,1,0,9,
Shelby,235,73,58,13,20,7,2,3,3,7,3,2,2,42,
Stark,83,16,17,6,4,6,7,5,1,2,1,0,1,17,
Stephenson,517,114,113,33,33,20,16,8,11,11,12,5,5,136,
Tazewell,1351,319,326,72,85,41,43,39,32,29,20,17,12,316,
Union,197,43,40,16,10,9,9,5,6,7,2,2,0,48,
Vermilion,922,243,206,54,96,36,24,21,16,14,14,7,13,178,
Wabash,160,46,33,4,13,15,1,3,1,4,6,0,3,31,
Warren,167,48,28,16,12,8,4,3,8,4,3,1,2,30,
Washington,144,36,31,18,10,4,0,8,4,4,3,2,1,23,
Wayne,195,40,50,17,8,7,3,5,5,7,2,1,2,48,
White,239,58,59,9,19,10,8,2,6,9,5,6,3,45,
Whiteside,620,183,141,34,44,19,11,16,15,13,10,3,4,127,
Will,3761,923,973,173,183,175,100,104,86,69,55,55,41,824,
Williamson,739,158,171,36,46,32,24,32,9,19,23,7,8,174,
Winnebago,2609,641,591,151,162,132,72,66,55,42,30,33,30,604,
Woodford,350,85,74,23,21,14,29,7,7,7,4,2,1,76,
ILLINOIS,101291,24607,23852,5324,5369,3510,2896,2361,2658,2394,1828,1041,1121,24330,
Adams,815,199,167,43,52,26,28,16,21,32,16,8,2,205,
Alexander,105,29,19,5,7,1,3,3,4,2,3,1,0,28,
Bond,177,35,42,6,12,7,9,5,4,8,3,3,2,41,
Boone,364,83,82,25,30,10,13,3,11,6,4,2,3,92,
Brown,46,11,12,3,3,3,1,0,1,0,1,0,2,9,
Bureau,376,94,85,21,31,13,11,10,7,12,4,3,5,80,
Calhoun,53,20,8,2,4,1,0,0,1,2,1,0,0,14,
Carroll,181,41,52,5,10,4,3,2,8,3,4,5,1,43,
Cass,142,34,37,14,15,6,0,4,0,4,2,0,0,26,
Champaign,1209,260,273,54,63,48,62,26,25,28,20,8,12,330,
Christian,404,83,98,24,26,14,18,11,9,14,10,5,3,89,
Clark,198,39,45,18,12,7,5,2,4,5,7,5,2,47,
Clay,176,33,45,14,16,11,1,4,1,9,2,2,1,37,
Clinton,319,97,72,18,9,13,8,6,3,3,9,4,4,73,
Coles,457,135,83,27,30,18,11,13,14,13,2,2,3,106,
Cook,38871,10114,9221,1981,1655,1148,858,949,1092,967,805,336,451,9294,
Chicago,18743,5008,4333,889,718,639,370,455,566,472,415,160,239,4479,
Suburban Cook,20128,5106,4888,1092,937,509,488,494,526,495,390,176,212,4815,
Crawford,214,49,43,20,12,11,8,6,5,9,3,1,1,46,
Cumberland,130,26,39,6,4,8,2,1,3,2,1,3,1,34,
DeKalb,667,143,157,32,40,29,30,17,14,14,8,5,10,168,
DeWitt,157,40,42,8,9,7,9,2,5,3,2,0,2,28,
Douglas,188,54,40,13,14,8,8,3,1,6,4,2,2,33,
Edgar,192,57,41,12,15,9,7,3,5,3,5,1,1,33,
Edwards,67,22,21,1,4,3,0,2,0,1,1,0,1,11,
Effingham,341,69,84,21,21,23,11,5,13,4,9,0,1,80,
Fayette,210,41,45,12,20,11,13,6,8,7,1,4,1,41,
Ford,199,41,27,10,10,5,17,5,3,7,0,2,1,71,
Franklin,544,87,126,27,41,18,48,17,28,13,16,11,6,106,
Fulton,462,82,102,30,42,18,12,12,6,14,8,7,1,128,
Gallatin,83,16,18,5,5,7,5,1,0,5,1,2,2,16,
Greene,146,39,28,11,9,5,2,4,6,2,4,1,0,35,
Grundy,412,107,97,17,28,22,12,6,13,9,6,10,8,77,
Hamilton,114,39,31,3,5,2,2,8,3,2,1,1,1,16,
Hancock,191,46,39,14,17,9,15,3,1,6,3,3,0,35,
Hardin,54,15,11,3,5,3,0,3,0,2,0,0,0,12,
Henderson,79,17,16,7,7,1,6,3,5,4,2,0,1,10,
Henry,515,109,117,26,38,20,9,11,14,15,7,8,5,136,
Iroquois,387,97,84,29,27,14,31,8,16,6,10,2,3,60,
Jackson,481,109,94,34,23,25,25,13,9,13,9,10,6,111,
Jasper,97,29,17,5,3,2,1,1,2,4,3,2,1,27,
Jefferson,435,95,101,14,23,24,22,18,9,20,7,7,3,92,
Jersey,262,73,51,12,11,11,25,4,17,2,2,3,2,49,
Jo Daviess,236,46,60,17,15,14,17,5,2,8,0,5,1,46,
Johnson,123,21,23,1,5,2,1,4,0,3,2,2,1,58,
Kane,2867,529,716,145,163,109,66,75,85,65,40,36,47,791,
Kankakee,1037,271,232,46,58,48,46,27,23,23,25,12,9,217,
Kendall,484,104,129,22,24,18,6,16,11,7,6,10,8,123,
Knox,647,153,114,34,50,15,31,9,23,32,8,5,4,169,
Lake,4041,880,1007,218,206,120,104,81,138,90,64,55,45,1033,
LaSalle,1318,361,299,66,85,61,40,17,36,30,15,19,15,274,
Lawrence,221,37,40,13,15,11,16,6,12,8,5,0,1,57,
Lee,363,82,83,20,24,16,10,9,4,7,3,5,4,96,
Livingston,419,120,89,27,24,14,13,12,10,6,10,1,5,88,
Logan,282,62,59,17,17,8,18,4,2,9,11,5,1,67,
McDonough,294,78,66,16,17,15,3,2,7,8,3,0,3,76,
McHenry,1892,389,487,86,142,80,58,46,41,33,22,22,29,457,
McLean,1064,238,244,54,56,22,71,18,29,21,18,14,16,2010,
Macoupin,547,154,117,30,32,19,16,14,16,15,8,4,4,118,
Madison,2666,646,585,146,153,146,88,61,67,58,43,18,31,624,
Marion,544,137,134,23,37,12,23,20,15,14,7,11,5,106,
Marshall,157,43,23,17,9,4,11,4,3,2,2,1,3,35,
Mason,200,45,43,6,18,5,8,3,4,5,8,2,4,49,
Massac,215,53,32,13,25,12,4,2,6,6,2,5,0,55,
Menard,107,17,22,4,12,5,7,1,3,2,2,0,1,31,
Mercer,163,58,38,6,5,5,5,5,4,4,1,0,3,29,
Monroe,281,65,75,21,10,16,6,3,5,4,4,2,1,69,
Montgomery,332,64,88,21,14,13,24,5,11,12,4,3,3,70,
Morgan,408,114,102,24,22,20,10,8,6,11,3,5,7,76,
Moultrie,193,50,40,8,10,8,2,3,6,9,1,1,0,55,
Ogle,451,108,120,22,30,13,24,13,7,1,4,9,2,98,
Peoria,1742,366,422,110,104,50,54,32,46,42,36,10,23,447,
Perry,231,46,48,14,16,9,7,14,11,6,7,4,4,45,
Piatt,173,46,42,13,6,5,2,1,9,2,1,6,0,40,
Pike,219,38,44,9,22,11,3,4,12,9,2,2,5,58,
Pope,61,15,15,2,3,1,0,2,2,1,1,1,2,16,
Pulaski,87,17,19,3,11,1,4,2,2,2,2,3,2,19,
Putnam,51,7,19,3,0,3,0,0,3,1,2,0,0,13,
Randolph,388,86,81,17,29,36,17,11,11,8,6,5,3,78,
Richland,180,39,44,8,12,6,0,1,4,4,4,0,2,56,
Rock Island,1583,475,346,70,97,44,43,35,31,35,26,17,13,351,
St. Clair,2460,562,526,139,160,105,71,54,91,30,57,39,29,597,
Saline,327,68,61,18,24,10,18,15,15,6,5,5,0,82,
Sangamon,1770,399,440,70,100,84,43,28,39,35,29,18,21,464,
Schuyler,97,22,24,4,9,5,1,4,6,0,1,0,1,20,
Scott,63,17,13,2,4,3,1,0,0,2,1,0,2,18,
Shelby,231,72,47,21,7,7,7,6,6,3,2,2,4,47,
Stark,81,16,14,1,4,6,6,0,4,1,1,2,0,26,
Stephenson,504,96,137,40,34,22,12,9,15,11,4,2,5,117,
Tazewell,1403,307,341,69,86,35,45,36,43,41,33,4,11,352,
Union,222,53,52,13,16,9,4,8,7,7,4,1,5,43,
Vermilion,982,282,196,42,84,31,34,27,15,17,26,13,7,208,
Wabash,153,34,36,7,13,6,3,3,2,4,1,2,1,41,
Warren,194,49,52,13,13,6,2,1,4,4,2,2,0,46,
Washington,152,37,27,14,8,10,1,8,3,2,5,1,0,36,
Wayne,204,42,42,19,18,6,3,4,1,5,2,6,0,56,
White,191,48,50,5,15,7,2,8,2,8,4,0,0,42,
Whiteside,659,156,160,43,52,24,16,15,14,12,12,4,5,146,
Will,3869,985,979,184,192,164,79,108,82,63,50,60,47,876,
Williamson,767,177,172,44,36,37,24,27,15,28,20,8,9,170,
Winnebago,2669,615,707,169,146,106,66,54,43,43,27,20,46,627,
Woodford,345,73,81,24,15,9,20,5,7,10,5,6,0,90,
ILLINOIS,102433,24670,24570,5332,5314,4471,2865,2705,2392,2326,1703,1295,1189,23601,
Adams,771,180,156,47,47,35,30,13,21,31,12,6,6,187,
Alexander,99,26,21,3,6,4,2,2,9,0,6,1,0,19,
Bond,161,39,47,7,5,10,4,2,2,3,4,0,0,38,
Boone,393,84,98,16,29,25,12,7,9,8,0,8,3,94,
Brown,50,13,9,5,3,0,1,1,2,0,1,1,0,14,
Bureau,336,95,74,15,16,14,9,8,11,16,5,4,3,66,
Calhoun,56,18,17,2,3,3,2,2,0,0,0,1,0,8,
Carroll,197,34,55,12,20,10,4,2,4,2,5,3,1,45,
Cass,155,24,36,7,15,15,2,1,5,5,2,5,1,37,
Champaign,1158,250,273,43,62,71,61,37,25,25,27,14,16,254,
Christian,426,117,93,27,27,22,26,12,3,11,13,9,2,64,
Clark,187,45,46,11,11,10,12,9,1,4,3,2,1,32,
Clay,173,41,22,11,15,9,3,6,9,7,5,4,0,41,
Clinton,336,109,69,16,24,15,3,6,7,8,6,6,0,67,
Coles,514,136,125,24,41,17,19,15,12,10,2,4,7,102,
Cook,39353,10094,9490,2035,1604,1455,869,1134,922,924,724,451,471,9180,
Chicago,18911,5005,4428,909,679,797,310,616,473,470,415,194,249,4366,
Cook,20442,5089,5062,1126,925,658,559,518,449,454,309,257,222,4814,
Crawford,211,45,52,16,14,12,10,7,5,2,5,3,0,40,
Cumberland,109,23,30,3,6,4,5,8,2,3,0,1,1,23,
DeKalb,703,174,161,43,40,27,20,20,11,15,8,7,5,172,
DeWitt,177,39,39,8,14,9,12,6,5,6,2,2,1,34,
Edgar,251,77,51,14,14,10,14,4,9,7,1,5,4,41,
Edwards,74,19,15,4,3,9,1,4,2,2,0,0,1,14,
Effingham,365,72,74,27,27,20,14,11,11,8,4,4,3,90,
Fayette,219,41,55,18,14,12,8,8,7,3,3,2,1,47,
Ford,193,38,40,6,11,9,15,5,9,2,4,1,3,50,
Franklin,535,98,112,22,48,38,23,26,14,21,19,5,6,103,
Fulton,451,105,103,14,26,19,8,3,14,13,11,3,6,126,
Gallatin,72,21,19,5,6,1,3,2,1,2,2,1,1,8,
Greene,139,26,34,4,11,7,5,7,2,4,2,0,1,36,
Grundy,382,91,92,24,17,28,10,12,7,10,5,6,3,77,
Hamilton,103,45,20,9,7,1,2,0,5,4,3,0,0,7,
Hancock,199,43,60,17,11,9,7,7,3,6,2,1,1,32,
Hardin,46,15,7,1,4,3,0,0,1,2,0,0,2,11,
Henderson,93,26,24,7,5,5,4,4,1,2,0,2,1,12,
Henry,508,140,107,20,26,17,12,17,13,15,7,2,5,127,
Iroquois,379,114,85,23,20,22,23,19,5,4,4,6,1,53,
Jackson,488,123,105,24,27,24,27,6,11,12,6,10,7,106,
Jasper,111,26,27,6,8,2,7,0,5,5,3,0,0,22,
Jefferson,431,72,100,19,30,22,23,8,20,6,14,5,9,103,
Jersey,247,69,57,13,17,10,18,12,1,2,5,1,3,39,
Jo Daviess,229,54,68,12,9,9,11,5,4,3,2,3,2,47,
Johnson,128,18,35,4,7,9,3,1,4,0,4,0,0,43,
Kane,2930,578,711,132,164,122,57,91,89,71,35,48,42,790,
Kankakee,1017,228,263,53,55,37,41,28,19,20,24,11,15,223,
Kendall,517,95,138,19,39,27,5,9,8,6,10,13,3,145,
Knox,702,152,151,43,57,21,48,21,9,20,10,7,6,157,
Lake,4345,941,1139,228,216,171,112,141,94,82,71,69,55,1026,
LaSalle,1307,323,294,78,108,48,46,23,19,40,12,11,24,281,
Lawrence,206,47,37,11,18,11,13,7,4,6,3,3,2,44,
Lee,332,77,88,22,17,15,6,7,5,6,1,2,2,84,
Livingston,431,115,90,23,18,28,11,12,11,15,5,3,5,95,
Logan,323,60,79,17,22,13,20,9,4,8,9,3,2,77,
McDonough,272,65,57,18,10,17,5,3,9,8,6,4,4,66,
McHenry,1980,434,532,97,122,102,47,38,48,32,21,41,35,431,
McLean,1114,226,258,50,63,75,60,28,16,29,13,19,14,263,
Macon,1193,311,291,69,56,29,19,22,42,31,23,15,9,276,
Macoupin,575,171,140,27,34,20,24,17,12,13,11,7,5,94,
Madison,2667,681,568,122,169,180,93,71,73,42,43,43,21,561,
Marion,469,123,89,27,44,16,18,15,13,13,11,9,5,86,
Mason,186,34,47,5,11,10,20,7,4,3,3,1,2,39,
Massac,211,53,36,13,13,9,6,8,6,3,2,5,2,55,
Menard,140,32,38,8,6,5,5,3,1,4,2,1,2,33,
Mercer,200,64,54,8,20,6,5,4,0,5,2,3,1,28,
Monroe,252,52,54,23,20,11,7,5,7,6,2,3,1,61,
Montgomery,340,86,82,24,15,19,14,11,5,12,6,4,1,61,
Morgan,403,102,93,26,28,25,9,10,5,15,8,5,3,74,
Moultrie,183,37,39,6,14,9,10,9,1,2,5,1,1,49,
Ogle,481,108,117,24,35,29,14,8,11,13,3,5,5,109,
Peoria,1782,395,433,106,110,81,39,37,40,51,25,23,18,424,
Perry,229,53,57,14,17,9,9,4,19,3,4,2,6,32,
Piatt,169,49,36,4,17,3,5,4,6,4,4,1,3,33,
Pike,184,31,43,8,10,12,2,4,8,8,6,2,0,50,
Pope,50,16,7,1,3,6,0,2,0,2,1,0,2,10,
Pulaski,96,28,20,5,8,6,2,0,0,1,1,2,0,23,
Putnam,59,18,20,2,2,2,1,1,0,0,0,3,0,10,
Randolph,351,73,71,27,24,29,20,10,8,5,8,6,6,64,
Richland,182,41,42,4,13,10,0,6,6,9,4,0,2,45,
Rock Island,1548,434,336,69,81,62,39,25,29,34,26,15,23,375,
St. Clair,2509,549,578,124,157,149,72,120,47,36,55,22,25,575,
Saline,333,63,69,18,28,20,25,14,11,6,5,9,3,62,
Sangamon,1888,409,435,99,107,117,46,34,48,29,36,29,29,470,
Schuyler,79,20,29,4,4,3,0,1,0,0,1,1,2,14,
Scott,59,14,11,5,4,1,1,0,0,1,1,1,0,20,
Shelby,228,61,42,15,17,13,8,7,1,6,3,1,0,54,
Stark,88,16,25,6,3,2,4,2,1,4,1,0,1,23,
Stephenson,528,111,134,37,26,15,16,18,11,7,5,4,5,139,
Tazewell,1319,280,306,68,71,67,44,33,30,33,21,21,8,337,
Union,231,54,66,11,10,5,13,3,3,6,7,1,0,52,
Vermilion,969,272,241,49,70,50,22,18,22,14,19,11,10,171,
Wabash,142,34,43,5,5,7,3,6,6,4,1,0,0,28,
Warren,186,48,35,10,16,10,7,10,1,3,2,0,3,41,
Washington,159,49,39,10,7,2,2,1,4,2,1,1,4,37,
Wayne,202,45,48,14,20,2,4,6,3,4,5,3,2,46,
White,226,51,40,12,15,14,10,8,5,8,4,2,0,57,
Whiteside,686,179,162,33,53,15,11,14,16,11,4,6,12,170,
Will,3982,917,1066,213,183,188,79,98,94,68,47,68,61,900,
Williamson,746,159,180,39,41,41,24,12,31,25,19,11,6,158,
Winnebago,2715,641,673,162,151,176,71,46,82,51,28,40,38,556,
ILLINOIS,103409,24843,24490,5531,5296,4510,2919,2798,2445,2441,1697,1321,1279,0,
Adams,797,190,166,47,47,38,32,14,16,22,13,4,5,0,
Alexander,97,22,26,8,6,2,4,3,4,1,1,1,1,0,
Bond,173,44,34,13,12,6,5,6,4,5,4,1,2,0,
Boone,378,96,88,27,22,14,16,11,8,7,5,11,5,0,
Brown,61,13,15,1,3,5,1,0,2,1,1,0,1,0,
Bureau,417,112,91,27,16,25,8,6,12,11,5,5,8,0,
Calhoun,58,21,12,1,3,1,2,3,3,0,1,0,0,0,
Carroll,189,46,46,11,15,11,5,1,3,7,2,3,0,0,
Cass,124,35,28,10,4,6,0,2,4,1,1,1,1,0,
Champaign,1244,293,251,69,57,73,38,34,24,23,17,22,18,0,
Christian,377,107,86,21,12,18,11,8,7,13,10,2,1,0,
Clark,205,62,40,12,12,9,7,3,6,7,2,5,3,0,
Clay,175,38,36,12,7,7,5,4,16,7,4,3,0,0,
Clinton,361,106,86,22,18,16,8,13,7,5,8,4,1,0,
Coles,521,114,128,46,19,28,17,12,7,9,6,10,7,0,
Cook,39427,10042,9493,1699,1997,1475,937,1120,913,917,657,447,528,0,
Chicago,18825,4927,4536,731,957,819,351,572,449,430,366,206,294,0,
Suburban Cook,20602,5115,4957,968,1040,656,586,548,464,487,291,241,234,0,
Crawford,245,54,57,12,15,17,5,9,6,1,8,3,6,0,
Cumberland,104,19,27,3,6,4,2,5,2,3,2,1,2,0,
DeKalb,678,152,149,32,43,30,28,12,15,10,8,8,10,0,
DeWitt,183,41,42,10,11,8,7,8,6,6,6,1,1,0,
Douglas,210,47,45,13,16,9,12,5,3,4,2,0,2,0,
Edgar,261,65,59,17,24,8,18,6,6,7,2,9,3,0,
Edwards,85,22,17,6,7,4,0,4,4,2,0,1,0,0,
Effingham,358,81,76,19,21,20,12,13,7,8,12,3,0,0,
DeathsCause of DeathFayette,218,48,48,14,9,13,8,11,6,6,7,5,1,0,
Ford,205,50,43,12,18,7,11,3,7,2,3,2,0,0,
Franklin,561,94,130,54,23,32,37,21,21,17,24,5,6,0,
Fulton,408,94,86,30,26,21,7,10,10,12,6,3,5,0,
Gallatin,85,18,17,4,7,2,4,1,5,3,1,1,0,0,
Greene,140,29,43,12,4,11,2,4,2,4,2,2,0,0,
Grundy,346,78,86,26,23,19,5,18,7,5,8,7,3,0,
Hamilton,121,29,28,15,7,9,2,2,5,4,2,2,3,0,
Hancock,220,58,52,14,10,15,14,3,5,3,5,2,1,0,
Hardin,75,26,14,7,4,6,2,1,0,2,0,1,0,0,
Henderson,81,27,25,4,2,4,3,1,1,3,0,0,1,0,
Henry,531,117,145,30,27,26,9,12,10,21,3,4,5,0,
Iroquois,353,73,74,26,23,19,26,12,13,0,5,10,4,0,
Jackson,480,117,94,20,16,25,30,11,15,11,10,7,4,0,
Jasper,114,23,25,10,9,6,0,5,7,6,4,2,1,0,
Jefferson,473,91,86,39,20,22,19,19,19,12,13,6,5,0,
Jersey,264,81,57,15,12,15,12,17,4,2,1,2,1,0,
Jo Daviess,242,57,65,10,17,9,11,6,2,3,2,1,4,0,
Johnson,120,28,24,11,5,5,1,0,3,3,2,1,0,0,
Kane,2942,566,728,130,132,134,68,101,83,87,40,36,38,0,
Kankakee,1096,270,237,64,64,52,42,27,26,19,23,9,13,0,
Kendall,517,82,144,30,24,30,15,15,14,11,8,4,13,0,
Knox,718,151,144,62,33,32,44,23,20,26,10,10,10,0,
Lake,4285,981,1046,207,181,158,104,138,101,95,80,66,67,0,
LaSalle,1230,341,277,75,70,57,38,19,23,34,20,19,17,0,
Lawrence,173,40,29,11,12,9,18,3,7,5,1,0,3,0,
Lee,371,98,93,27,19,12,17,13,11,4,5,6,1,0,
Livingston,427,111,106,27,24,14,15,21,8,11,4,5,1,0,
Logan,341,67,94,22,16,18,19,10,12,4,7,1,3,0,
McDonough,324,76,70,31,21,16,10,9,4,11,2,2,1,0,
McHenry,1936,411,510,130,75,87,51,61,43,50,23,36,29,0,
McLean,1109,265,261,73,50,44,44,18,15,19,22,26,10,0,
Macon,1212,273,301,76,59,34,21,31,35,32,32,14,18,0,
Macoupin,573,140,119,47,32,41,11,15,14,10,8,4,6,0,
Madison,2771,635,664,171,141,155,106,69,76,57,45,31,28,0,
Marion,523,129,132,36,29,22,16,22,18,9,6,4,11,0,
Marshall,165,39,29,13,10,5,7,6,7,6,1,2,0,0,
Mason,208,50,45,15,11,10,10,4,3,2,0,7,0,0,
Massac,204,48,28,21,11,10,9,5,7,3,2,3,4,0,
Menard,118,14,44,6,7,3,3,3,1,3,5,1,186,57,
Monroe,305,71,57,18,17,16,8,5,4,1,4,5,2,0,
Montgomery,357,80,84,25,21,21,17,7,2,14,5,7,3,0,
Morgan,391,117,87,25,21,27,9,6,4,7,7,0,9,0,
Moultrie,179,33,39,18,9,8,4,6,2,1,3,3,0,0,
Ogle,508,114,110,32,36,24,30,9,9,8,4,11,8,0,
Peoria,1807,409,396,97,138,81,49,42,40,58,35,28,14,0,
Perry,230,61,40,14,12,10,9,12,9,10,5,2,3,0,
Piatt,198,43,45,11,12,12,5,0,4,7,1,2,1,0,
Pike,201,39,45,17,10,7,11,6,3,6,6,1,2,0,
Pope,45,13,17,1,1,2,0,1,1,1,1,0,0,0,
Pulaski,68,21,11,5,2,2,1,0,3,2,1,1,1,0,
Putnam,53,15,12,1,2,4,3,2,2,0,2,3,1,0,
Randolph,370,85,77,22,19,33,17,7,6,9,5,2,3,0,
Richland,203,47,39,16,11,6,3,2,12,9,3,2,2,0,
Rock Island,1532,427,346,102,70,64,33,33,22,43,25,20,13,0,
St. Clair,2481,558,561,144,127,143,78,106,60,47,41,28,22,0,
Saline,371,83,61,20,13,22,20,9,16,15,13,5,8,0,
Sangamon,1851,434,451,109,88,94,39,42,34,49,40,31,21,0,
Schuyler,80,18,23,9,2,6,0,1,4,2,2,2,0,0,
Scott,65,13,14,3,4,6,0,0,0,2,1,1,0,0,
Shelby,224,57,58,17,8,10,11,6,4,5,5,2,1,0,
Stark,65,23,10,6,1,1,3,1,1,0,0,0,0,0,
Stephenson,537,119,122,24,30,28,17,14,8,11,8,7,5,0,
Tazewell,1404,301,333,86,78,48,34,33,21,49,23,19,16,0,
Union,236,51,49,9,13,10,6,2,15,10,8,1,4,0,
Vermilion,897,249,209,85,42,41,16,21,31,11,17,9,7,0,
Wabash,143,26,28,17,10,11,4,2,1,3,5,2,2,0,
Warren,182,57,51,7,13,11,3,6,2,1,3,4,3,0,
Washington,160,33,38,9,11,12,2,1,4,2,4,1,3,0,
Wayne,218,53,36,20,12,10,4,5,12,1,4,4,1,0,
White,217,46,59,20,7,14,5,4,12,3,3,2,1,0,
Whiteside,638,142,153,51,34,26,20,12,15,13,7,8,9,0,
Will,4014,962,1015,210,195,179,101,100,85,84,45,69,71,0,
Williamson,749,163,188,43,23,31,13,12,26,19,31,12,8,0,
Winnebago,2899,638,676,161,202,191,83,66,79,56,35,38,51,0,
Woodford,369,87,82,24,20,16,20,9,9,9,6,6,4,0,
ILLINOIS,105296,25020,24504,5633,5490,4642,3267,2712,2517,2483,1804,1396,1321,0,
Adams,786,171,164,58,25,47,44,12,13,32,20,9,8,0,
Alexander,109,30,26,6,3,6,2,6,4,4,1,0,0,0,
Bond,160,36,24,6,9,15,8,6,5,5,1,2,3,0,
Boone,413,101,114,29,17,21,8,6,13,7,4,3,6,0,
Brown,51,7,7,3,5,4,0,1,3,0,1,3,0,0,
Bureau,380,109,75,26,11,22,18,5,19,13,4,3,5,0,
Calhoun,52,17,14,2,1,2,2,4,2,1,1,1,0,0,
Carroll,188,56,45,11,7,9,2,5,2,2,4,3,0,0,
Cass,171,56,43,9,9,8,2,2,5,4,2,3,1,0,
Champaign,1301,286,287,79,59,74,34,18,31,28,16,18,21,0,
Christian,408,91,102,16,24,23,7,8,7,13,9,10,6,0,
Clark,223,49,50,17,18,9,11,7,3,4,2,4,4,0,
Clay,146,37,26,8,6,4,2,6,24,2,4,2,1,0,
Clinton,329,84,74,17,19,12,8,7,4,10,9,4,2,0,
Coles,465,127,106,32,20,19,14,14,8,9,6,5,3,0,
Cook,39997,10035,9414,1719,2138,1490,1150,1083,1007,949,770,452,551,0,
Chicago,19003,4859,4429,723,970,796,440,577,498,435,397,201,283,0,
Suburban Cook,20994,5176,4985,996,1168,694,710,506,509,514,373,251,268,0,
Crawford,227,63,50,15,16,8,15,4,5,3,4,0,2,0,
Cumberland,114,23,34,12,4,7,2,1,1,2,3,1,0,0,
DeKalb,714,144,164,36,29,30,29,20,18,21,9,13,7,0,
DeWitt,189,47,47,10,8,7,7,5,6,5,0,3,1,0,
Douglas,205,41,33,19,8,7,12,9,8,4,7,6,4,0,
Edgar,226,83,43,26,13,6,6,4,6,2,3,1,1,0,
Edwards,74,20,20,1,6,4,1,0,4,1,0,4,2,0,
Effingham,347,82,81,11,18,22,14,11,5,9,5,1,0,0,
DeathsCause of DeathFayette,194,42,35,16,11,18,5,8,5,7,3,2,2,0,
Ford,200,54,46,16,9,10,6,3,2,2,1,1,2,0,
Franklin,532,83,116,47,29,28,29,30,19,9,23,7,6,0,
Fulton,470,106,108,32,28,10,4,12,12,20,6,8,5,0,
Gallatin,86,24,14,10,0,10,4,1,1,0,2,0,0,0,
Greene,165,46,30,11,4,17,4,6,7,4,1,2,2,0,
Grundy,414,102,91,23,23,23,6,21,7,9,5,8,4,0,
Hamilton,100,27,19,8,4,5,2,3,8,2,3,0,1,0,
Hancock,227,62,53,19,16,8,6,2,7,5,2,2,0,0,
Hardin,65,15,17,6,2,5,0,4,1,3,1,0,0,0,
Henderson,89,18,25,12,4,3,3,2,1,0,1,1,1,0,
Henry,495,119,108,41,23,25,9,13,6,16,7,4,5,0,
Iroquois,371,101,84,20,19,16,20,8,6,3,11,6,4,0,
Jackson,453,107,104,15,30,22,16,12,14,4,13,6,5,0,
Jasper,100,30,18,10,5,1,4,2,3,3,1,1,1,0,
Jefferson,450,85,102,33,17,18,35,13,13,16,11,7,3,0,
Jersey,239,50,52,12,14,9,10,14,5,4,2,3,4,0,
Jo Daviess,262,69,74,10,17,14,9,3,2,7,3,2,2,0,
Johnson,121,20,38,15,7,8,4,0,0,2,2,1,0,0,
Kane,3084,619,782,153,166,124,66,78,89,70,45,46,52,0,
Kankakee,1097,272,248,55,46,59,47,21,32,40,22,15,20,0,
Kendall,572,120,141,35,24,20,15,19,12,9,7,13,11,0,
Knox,650,153,111,62,36,21,35,17,11,14,12,10,8,0,
Lake,4455,956,1039,240,212,211,135,129,99,94,74,70,62,0,
LaSalle,1350,361,304,80,80,62,43,33,16,27,12,23,22,0,
Lawrence,197,46,40,10,9,13,18,5,6,4,5,4,1,0,
Lee,380,93,92,17,18,25,16,8,9,5,4,6,3,0,
Livingston,412,107,100,21,25,18,7,15,9,10,10,6,5,0,
Logan,349,72,85,27,15,13,18,10,5,9,4,8,5,0,
McDonough,314,75,54,21,22,17,9,7,7,12,10,5,3,0,
McHenry,2036,435,495,140,99,114,46,69,43,39,27,38,32,0,
McLean,1161,286,268,79,62,61,64,27,15,15,16,19,13,0,
Macon,1315,317,282,60,58,55,26,21,34,38,47,13,14,0,
Macoupin,543,143,119,33,30,19,18,14,7,17,13,7,2,0,
Madison,2942,685,607,184,174,207,117,82,75,76,39,40,31,0,
Marion,473,132,90,40,26,24,12,11,6,16,6,11,8,0,
Marshall,162,41,38,8,8,10,11,3,5,7,3,1,0,0,
Mason,180,38,42,15,8,9,8,6,4,2,1,4,4,0,
Massac,201,49,40,16,5,7,7,8,8,5,2,5,3,0,
Menard,138,25,29,10,11,6,4,1,3,3,2,1,167,45,
Monroe,290,65,62,15,12,21,6,10,7,4,6,3,7,0,
Montgomery,364,71,87,20,34,20,11,5,10,13,9,3,2,0,
Morgan,377,107,90,24,16,15,4,5,3,9,4,13,6,0,
Moultrie,191,48,43,16,14,5,2,7,1,5,4,3,2,0,
Ogle,511,95,126,32,27,29,31,18,9,13,6,10,9,0,
Peoria,1753,379,386,97,120,92,46,32,40,48,36,18,20,0,
Perry,259,42,69,15,7,15,15,5,12,7,6,3,3,0,
Piatt,188,42,47,12,10,13,2,2,1,2,3,3,2,0,
Pike,207,39,38,21,11,9,11,6,6,4,5,5,0,0,
Pope,49,8,12,2,4,2,2,1,3,0,1,1,0,0,
Pulaski,84,29,19,9,3,2,4,1,1,4,0,2,0,0,
Putnam,62,19,17,3,1,1,2,1,3,0,1,2,2,0,
Randolph,371,87,81,23,25,24,6,16,10,7,5,7,3,0,
Richland,223,44,45,12,8,16,2,1,8,15,3,4,1,0,
Rock Island,1569,381,364,83,80,53,44,37,29,39,20,28,20,0,
St. Clair,2544,556,557,158,130,142,99,91,56,64,55,33,15,0,
Saline,355,75,82,27,16,15,22,7,10,17,11,0,4,0,
Sangamon,1910,443,471,104,121,101,42,50,27,39,32,22,17,0,
Schuyler,71,15,23,5,1,4,0,2,0,2,2,1,0,0,
Scott,54,11,13,3,3,0,1,1,3,3,1,0,2,0,
Shelby,254,63,66,16,8,10,3,12,3,5,3,3,1,0,
Stark,92,22,17,7,3,2,5,1,4,2,0,2,3,0,
Stephenson,513,104,127,38,24,21,10,13,11,8,8,4,7,0,
Tazewell,1408,330,305,73,77,60,59,34,24,31,21,14,14,0,
Union,226,39,57,16,11,11,5,2,5,9,1,5,2,0,
Vermilion,1039,256,252,88,52,53,20,30,22,21,18,13,9,0,
Wabash,135,33,32,10,4,4,3,4,2,4,2,3,0,0,
Warren,179,49,33,12,13,6,8,8,2,4,3,5,3,0,
Washington,150,49,41,7,6,9,2,3,3,3,4,1,0,0,
Wayne,237,58,47,20,13,7,4,10,5,5,2,3,2,0,
White,235,55,47,17,14,7,2,6,8,7,4,5,2,0,
Whiteside,614,138,131,56,27,23,15,14,11,14,5,11,4,0,
Will,4223,1015,1063,205,214,197,107,113,130,88,40,56,75,0,
Williamson,743,138,185,44,40,45,25,13,23,26,20,21,4,0,
Winnebago,2887,630,698,171,150,167,90,56,75,54,27,42,43,0,
Woodford,388,83,79,17,16,22,25,9,5,11,9,8,3,0,
ILLINOIS,106879,25653,24713,5709,5544,4853,3687,2818,2543,2343,1819,0,0,0,
Adams,832,162,159,33,60,52,41,11,18,29,37,0,0,0,
Alexande r,97,17,32,5,3,3,2,3,12,2,2,0,0,0,
Bond,192,51,42,4,7,15,16,4,7,2,398,94,94,28,
Clinton,376,109,63,22,26,19,8,9,6,15,558,169,130,29,
Suburban Coo k,2097,9,5217,5017,1187,892,779,806,553,470,452,317,0,0,
Crawford,242,73,47,23,13,7,9,3,6,8,4,0,0,0,
Edwards,70,17,15,7,5,1,0,2,2,2,405,98,81,35,
Hamilton,94,30,27,6,10,2,2,2,1,3,0,0,0,0,
Hancock,168,47,45,5,7,3,8,3,3,5,54,11,13,3,
Iroquois,394,90,93,16,25,18,23,14,7,8,471,108,99,19,
Jo Daviess,238,57,58,16,10,17,10,4,4,5,116,25,25,8,
Montgomer y,366,88,79,26,14,12,28,6,8,9,5,0,0,0,
Morgan,415,124,96,17,23,23,4,10,7,8,198,50,39,8,
Piatt,136,37,33,5,9,5,1,2,2,6,1,0,0,0,
Pike,209,42,52,7,15,12,9,4,3,4,50,14,14,1,
Saline,374,72,84,12,35,20,19,4,13,16,2010,444,496,112,
Scott,63,18,17,1,1,2,1,1,2,1,0,0,0,0,
Stark,92,18,14,4,9,5,8,3,2,1,542,119,117,31,
ILLINOIS,107041,25017,24396,5660,5632,5506,3878,2782,2518,2177,1704,0,0,0,
Adams,773,204,123,34,48,38,34,11,16,16,30,0,0,0,
Alexander,101,32,17,3,5,7,0,2,5,6,0,0,0,0,
Bond,183,52,41,16,11,9,5,6,2,5,1,0,0,0,
Boone,407,71,92,20,37,23,16,18,16,8,3,0,0,0,
Brown,58,10,15,4,8,1,2,1,2,1,2,0,0,0,
Bureau,447,109,87,28,33,25,18,10,18,13,12,0,0,0,
Calhoun,50,15,9,1,2,3,2,2,2,3,0,0,0,0,
Carroll,177,61,31,9,9,7,2,4,4,3,4,0,0,0,
Cass,159,50,42,10,8,1,1,6,5,1,2,0,0,0,
Champaign,1311,281,278,66,78,82,55,14,21,22,30,0,0,0,
Christian,415,96,99,13,26,25,19,9,6,7,13,0,0,0,
Clark,178,35,36,13,13,10,10,8,10,7,4,0,0,0,
Clay,181,41,52,9,8,9,6,3,12,6,6,0,0,0,
Clinton,343,99,74,16,17,18,8,10,6,12,5,0,0,0,
Coles,524,124,107,33,34,21,21,8,11,11,9,0,0,0,
Cook,40891,9948,9394,2243,1647,2049,1429,1147,952,899,621,0,0,0,
Chicago,19809,4927,4432,1069,673,1139,596,634,452,430,298,0,0,0,
Suburban Cook,21082,5021,4962,1174,974,910,833,513,500,469,323,0,0,0,
Crawford,255,70,49,17,14,17,10,5,8,5,4,0,0,0,
Cumberland,109,23,25,8,2,6,3,6,2,3,0,0,0,0,
DeKalb,700,142,183,28,48,40,24,26,16,7,11,0,0,0,
DeWitt,189,46,39,9,13,8,19,4,5,2,2,0,0,0,
Douglas,181,46,39,11,8,11,11,5,1,6,3,0,0,0,
Edgar,227,64,51,7,18,12,10,8,13,2,1,0,0,0,
Edwards,73,19,10,7,6,6,1,2,3,4,0,0,0,0,
Effingham,303,60,65,20,17,16,13,4,6,11,7,0,0,0,
Fayette,223,57,53,12,10,14,9,7,3,5,3,0,0,0,
Ford,209,41,45,9,16,7,27,4,5,2,4,0,0,0,
Franklin,519,89,113,22,49,37,21,15,21,11,20,0,0,0,
Fulton,479,109,87,21,43,17,22,8,8,7,9,0,0,0,
Gallatin,70,21,15,3,8,3,2,2,2,2,2,0,0,0,
Greene,190,35,45,10,20,10,6,2,2,6,8,0,0,0,
Hamilton,98,21,23,12,9,6,3,2,3,4,2,0,0,0,
Hancock,220,50,47,8,13,12,7,4,9,7,10,0,0,0,
Hardin,74,19,20,4,5,2,0,4,2,1,0,0,0,0,
Henderson,86,25,19,3,12,4,3,1,3,1,0,0,0,0,
Henry,561,143,117,23,46,23,14,15,14,13,6,0,0,0,
Iroquois,406,100,89,22,24,26,31,19,8,5,6,0,0,0,
Jackson,450,107,81,15,34,31,10,10,19,14,14,0,0,0,
Jasper,113,23,27,3,10,12,2,5,2,6,1,0,0,0,
Jefferson,407,96,80,16,27,26,20,23,12,9,7,0,0,0,
Jersey,272,69,48,7,22,13,17,10,6,11,5,0,0,0,
Jo Daviess,258,56,55,24,9,21,20,3,2,4,2,0,0,0,
Johnson,121,27,27,4,10,7,2,2,4,2,0,0,0,0,
Kane,3165,675,742,178,142,170,72,85,76,50,44,0,0,0,
Kankakee,1180,305,288,64,58,57,49,22,23,28,18,0,0,0,
Kendall,560,102,143,38,31,51,15,11,9,8,7,0,0,0,
Knox,681,169,132,36,60,27,41,28,8,16,8,0,0,0,
Lake,4506,922,1175,209,234,223,157,112,127,74,62,0,0,0,
LaSalle,1296,287,300,69,85,59,61,37,26,25,12,0,0,0,
Lawrence,214,39,49,9,13,5,17,12,5,7,4,0,0,0,
Lee,365,91,93,16,36,18,10,2,8,3,8,0,0,0,
Livingston,430,122,99,22,23,22,14,10,6,8,8,0,0,0,
Logan,362,72,91,23,20,16,13,7,11,15,6,0,0,0,
McDonough,320,78,67,20,29,13,7,6,11,10,3,0,0,0,
McHenry,2066,458,531,99,112,131,63,65,39,21,22,0,0,0,
McLean,1135,272,246,44,79,59,73,22,17,13,14,0,0,0,
Macon,1215,264,283,70,82,65,28,20,28,26,21,0,0,0,
Macoupin,605,144,141,30,35,43,19,17,7,8,8,0,0,0,
Madison,2772,686,602,159,162,159,126,76,77,35,52,0,0,0,
Marion,537,136,103,26,41,34,21,22,14,10,9,0,0,0,
Marshall,156,30,37,9,17,1,9,1,4,10,2,0,0,0,
Mason,184,40,58,9,16,4,6,3,2,2,3,0,0,0,
Massac,214,67,38,12,15,13,7,7,8,4,2,0,0,0,
Menard,131,24,32,4,3,14,5,1,3,2,5,0,0,0,
Mercer,189,43,49,8,8,6,6,8,2,1,3,0,0,0,
Montgomery,368,81,87,25,16,20,24,5,13,9,5,0,0,0,
Morgan,388,119,83,18,28,18,7,6,2,10,6,0,0,0,
Moultrie,194,40,38,12,16,8,6,3,3,3,5,0,0,0,
Ogle,500,101,124,35,46,26,17,5,7,6,6,0,0,0,
Peoria,1842,404,374,108,116,90,43,51,28,54,43,0,0,0,
Perry,233,49,49,11,16,16,13,12,16,5,4,0,0,0,
Piatt,176,44,49,8,14,10,2,5,4,2,3,0,0,0,
Pike,209,44,45,8,12,11,4,10,2,3,3,0,0,0,
Pope,50,13,14,3,7,3,1,0,1,0,0,0,0,0,
Pulaski,73,18,18,7,3,2,4,2,3,3,1,0,0,0,
Putnam,61,16,9,3,3,4,1,0,1,4,0,0,0,0,
Randolph,387,78,92,23,38,24,12,6,10,10,5,0,0,0,
Richland,225,45,49,6,16,12,1,4,5,9,1,0,0,0,
Rock Island,1618,418,328,68,86,57,52,30,44,34,30,0,0,0,
St. Clair,2488,604,567,101,129,129,82,75,69,55,65,0,0,0,
Saline,369,82,64,16,28,17,11,12,14,15,11,0,0,0,
Sangamon,1896,417,403,100,84,96,53,54,32,32,34,0,0,0,
Schuyler,99,23,23,11,7,6,0,0,4,2,1,0,0,0,
Scott,63,10,14,3,2,5,0,3,3,1,1,0,0,0,
Shelby,228,55,49,11,15,8,2,6,2,9,7,0,0,0,
Stark,67,12,12,5,3,1,1,2,2,2,1,0,0,0,
Stephenson,564,125,107,23,46,33,12,22,11,11,9,0,0,0,
Tazewell,1387,348,298,67,79,59,57,29,9,42,27,0,0,0,
Union,213,41,46,13,16,11,4,2,8,10,5,0,0,0,
Vermilion,956,240,221,39,89,45,22,21,30,9,11,0,0,0,
Wabash,151,43,27,5,13,5,4,1,4,1,3,0,0,0,
Warren,177,60,34,6,17,6,2,6,3,2,7,0,0,0,
Washington,174,40,41,14,10,14,6,4,4,1,1,0,0,0,
Wayne,195,40,44,19,10,13,4,1,10,8,1,0,0,0,
White,208,37,39,8,13,8,5,3,5,7,2,0,0,0,
Whiteside,656,165,158,32,35,28,16,19,14,13,4,0,0,0,
Will,4502,1032,1068,255,245,260,171,115,118,81,45,0,0,0,
Williamson,780,145,173,45,69,38,32,19,26,18,26,0,0,0,
Winnebago,2893,661,652,140,170,209,106,67,89,28,31,0,0,0,
Woodford,377,71,87,15,25,9,25,12,7,5,8,0,0,0,
ILLINOIS,109726,25393,24147,6021,6017,5734,4021,2927,2566,2402,1815,0,0,0,
Adams,814,193,170,39,26,44,48,24,21,24,28,0,0,0,
Alexander,96,21,20,8,1,12,4,4,4,2,3,0,0,0,
Bond,174,48,41,6,10,5,7,4,3,2,3,0,0,0,
Boone,431,95,85,22,26,29,17,15,10,5,3,0,0,0,
Brown,71,13,18,7,2,2,2,2,2,0,2,0,0,0,
Bureau,387,94,95,21,20,27,8,4,15,18,8,0,0,0,
Calhoun,51,12,14,1,3,4,4,2,2,0,1,0,0,0,
Carroll,194,44,52,11,9,13,2,6,5,3,1,0,0,0,
Cass,138,38,19,7,6,10,2,5,7,5,1,0,0,0,
Champaign,1368,281,310,53,85,68,74,25,23,34,18,0,0,0,
Christian,408,99,91,16,23,23,8,14,14,8,8,0,0,0,
Clark,185,53,40,13,7,7,8,4,4,2,2,0,0,0,
Clay,155,37,28,6,6,11,4,5,14,6,0,0,0,0,
Clinton,382,111,61,25,20,22,11,6,13,9,8,0,0,0,
Coles,464,125,75,30,25,30,14,13,12,15,8,0,0,0,
Cook,41266,9906,9159,2506,2258,1685,1352,1161,951,908,621,0,0,0,
Chicago,19742,4784,4268,1195,1261,734,538,617,452,436,313,0,0,0,
Cook,21524,5122,4891,1311,997,951,814,544,499,472,308,0,0,0,
Crawford,225,53,47,10,14,14,11,2,3,6,5,0,0,0,
Cumberland,127,29,34,8,3,9,3,1,1,2,4,759,159,167,
DeWitt,203,48,36,9,11,23,11,4,3,2,7,0,0,0,
Douglas,232,54,54,14,12,17,13,2,8,1,4,0,0,0,
Edgar,228,45,37,12,11,28,5,7,6,4,2,0,0,0,
Edwards,82,24,17,7,4,5,0,1,5,3,0,0,0,0,
Effingham,363,92,49,24,13,26,23,13,6,9,5,0,0,0,
Fayette,227,47,56,9,10,15,11,14,4,7,5,0,0,0,
Ford,203,54,38,7,7,15,20,6,3,2,3,0,0,0,
Franklin,515,115,114,23,32,41,30,16,5,15,13,0,0,0,
Fulton,467,99,97,19,26,34,26,12,11,12,5,0,0,0,
Gallatin,85,23,22,4,3,5,6,0,2,4,2,0,0,0,
Greene,164,37,28,7,18,16,5,11,1,7,3,0,0,0,
Grundy,429,84,105,11,15,39,10,15,6,15,8,0,0,0,
Hamilton,117,32,24,6,4,12,6,3,3,2,1,0,0,0,
Hancock,222,56,40,10,12,12,7,7,4,5,7,0,0,0,
Hardin,80,18,23,1,3,6,2,3,4,1,1,0,0,0,
Henderson,88,16,22,5,5,8,4,2,0,1,2,0,0,0,
Henry,522,137,104,24,18,43,16,15,13,14,9,0,0,0,
Iroquois,386,93,92,13,23,27,21,7,12,8,9,0,0,0,
Jackson,499,113,104,24,35,28,12,21,13,11,11,0,0,0,
Jasper,100,34,13,6,5,9,5,4,1,3,1,0,0,0,
Jefferson,472,121,94,22,29,35,26,8,10,13,4,0,0,0,
Jersey,303,73,44,14,25,22,17,14,8,5,6,0,0,0,
Jo Daviess,259,63,76,13,16,8,9,5,5,1,4,0,0,0,
Johnson,149,29,38,4,8,13,2,4,3,2,9,0,0,0,
Kane,3351,679,786,186,187,148,84,89,88,76,66,0,0,0,
Kankakee,1225,273,272,75,76,57,66,26,31,41,21,0,0,0,
Kendall,561,113,143,33,43,30,12,18,15,11,5,0,0,0,
Knox,670,166,148,32,23,66,31,17,10,17,13,0,0,0,
Lake,4693,932,1165,216,235,227,192,145,97,74,89,0,0,0,
LaSalle,1354,317,281,53,95,85,69,39,27,38,13,0,0,0,
Lawrence,194,46,31,8,8,11,14,8,7,4,6,0,0,0,
Lee,392,90,96,27,17,32,17,8,8,9,5,0,0,0,
Livingston,456,107,87,25,24,33,32,11,9,9,6,0,0,0,
Logan,331,57,69,15,18,34,22,10,10,11,7,316,74,71,
McHenry,2194,483,539,112,185,108,74,76,38,31,36,0,0,0,
McLean,1217,289,273,42,80,71,78,22,18,23,16,0,0,0,
Macon,1256,248,268,77,54,64,43,26,36,35,25,0,0,0,
Macoupin,573,143,132,39,31,29,17,14,8,8,11,0,0,0,
Madison,2944,742,605,158,203,151,149,71,61,67,43,0,0,0,
Marion,534,141,125,17,28,44,21,9,20,8,16,0,0,0,
Marshall,185,44,47,15,8,4,9,3,4,6,4,0,0,0,
Mason,204,38,49,8,10,16,12,9,9,4,4,0,0,0,
Massac,217,57,36,13,9,19,14,3,11,4,3,0,0,0,
Menard,139,28,28,4,7,9,1,5,4,4,4,0,0,0,
Mercer,203,42,49,14,8,14,5,10,3,2,2,0,0,0,
Monroe,302,73,56,23,10,8,7,9,9,7,10,0,0,0,
Montgomery,354,80,79,17,20,27,24,6,8,7,4,0,0,0,
Morgan,396,128,93,18,22,18,5,8,8,3,8,0,0,0,
Moultrie,172,26,31,7,6,16,9,4,5,10,2,0,0,0,
Ogle,541,125,123,43,28,44,33,10,15,2,4,0,0,0,
Peoria,1848,371,387,92,118,118,55,43,33,61,35,0,0,0,
Perry,237,55,48,12,12,14,8,6,13,6,7,0,0,0,
Piatt,181,45,32,12,12,13,8,4,1,4,4,0,0,0,
Pike,216,39,41,14,10,25,0,8,3,7,8,0,0,0,
Pope,62,20,16,0,3,6,1,2,2,3,2,0,0,0,
Pulaski,67,22,14,1,1,5,3,1,3,2,1,0,0,0,
Putnam,68,20,11,5,6,6,2,2,0,5,2,0,0,0,
Randolph,371,91,69,31,22,26,6,11,10,7,7,0,0,0,
Richland,206,51,31,7,9,16,0,6,11,8,4,0,0,0,
Rock Island,1633,400,333,65,74,104,41,27,38,41,38,0,0,0,
St. Clair,2674,624,533,140,162,168,80,83,72,48,72,0,0,0,
Saline,395,62,88,21,18,38,8,7,20,16,11,0,0,0,
Sangamon,2059,440,426,108,121,94,60,55,33,48,45,0,0,0,
Schuyler,89,24,24,7,5,3,0,2,0,6,0,0,0,0,
Scott,65,11,18,2,4,3,1,1,2,4,0,0,0,0,
Shelby,227,65,43,13,11,10,5,10,5,3,2,0,0,0,
Stark,73,15,15,2,9,4,4,2,2,1,2,0,0,0,
Stephenson,575,109,123,27,37,34,24,29,17,12,8,0,0,0,
Tazewell,1404,357,304,60,68,78,52,42,21,34,16,226,59,53,
Vermilion,1008,230,215,54,62,95,14,36,31,21,14,0,0,0,
Wabash,127,20,32,6,5,11,6,6,5,0,4,0,0,0,
Warren,178,50,34,13,7,16,4,2,2,2,2,0,0,0,
Washington,140,41,26,6,9,7,5,2,0,4,3,0,0,0,
Wayne,204,53,39,12,13,15,4,6,5,1,2,0,0,0,
White,253,62,51,6,9,25,18,2,13,6,6,0,0,0,
Whiteside,716,198,132,34,20,59,35,14,11,16,9,0,0,0,
Will,4776,1073,1094,267,254,257,157,117,130,89,74,0,0,0,
Williamson,807,153,166,32,41,61,25,23,23,20,35,0,0,0,
Winnebago,3056,689,661,145,196,196,159,64,88,45,33,0,0,0,
Woodford,402,94,84,18,16,24,32,9,4,16,4,0,0,0,
ILLINOIS,110012,25747,23877,6013,5853,5639,4029,2879,2644,2562,1,790,0,0,
Adams,871,181,162,51,48,56,49,9,20,18,26,0,0,0,
Alexande r,86,22,18,4,1,8,5,5,1,0,1,0,0,0,
Bond,162,38,36,9,13,8,7,1,5,3,479,117,101,27,
Clinton,353,88,79,21,20,20,16,6,8,8,520,110,98,26,
Suburban Coo k,2143,6,5320,4854,92,7,1267,878,716,525,574,51,8,300,
Crawford,217,58,51,7,11,15,11,4,6,2,5,0,0,0,
Grund y,414,84,92,24,21,23,23,24,7,3,3,0,0,0,
Hamilton,101,23,24,3,8,7,3,4,3,4,205,42,45,16,
Iroquois,404,101,85,28,17,26,21,13,9,7,520,101,115,36,
Jo Daviess,235,57,53,9,13,9,12,5,7,3,151,29,33,11,
Mercer,217,48,54,17,5,10,6,6,5,2,0,0,0,0,
Monroe,310,78,56,11,10,24,6,7,8,11,0,0,0,0,
Morgan,431,156,87,25,18,29,6,4,3,15,191,52,32,11,
Piatt,153,35,33,7,4,14,7,7,2,5,2,0,0,0,
Pike,189,51,41,7,8,9,2,9,1,2,50,13,6,4,
Saline,361,72,68,17,22,31,10,8,13,13,2022,461,441,110,
Scott,48,9,16,2,2,1,1,2,0,2,0,0,0,0,
Williamson,759,143,163,36,30,60,13,15,22,17,23,0,0,0,
Winnebago,3062,701,628,242,147,203,137,67,70,55,372,82,91,18,
ILLINOIS,108937,25655,23875,6144,6086,5532,3949,2822,2548,2106,1746,0,0,0,
Adams,786,150,191,39,26,49,36,23,15,12,17,0,0,0,
Alexander,111,20,26,6,6,6,2,1,5,5,5,0,0,0,
Bond,178,49,36,7,14,7,6,7,3,3,4,0,0,0,
Boone,395,96,98,16,17,24,25,11,3,2,5,0,0,0,
Brown,53,12,14,5,2,2,0,0,1,0,2,0,0,0,
Bureau,432,109,99,28,28,20,14,2,13,7,6,0,0,0,
Calhoun,62,15,20,1,2,3,8,2,0,1,1,0,0,0,
Carroll,184,45,43,10,7,9,5,7,3,1,1,0,0,0,
Cass,148,37,29,6,12,12,0,2,2,3,2,0,0,0,
Champaign,1390,303,265,48,120,68,77,34,29,23,23,0,0,0,
Christian,449,125,95,12,13,38,12,9,11,10,5,0,0,0,
Clark,204,52,32,13,9,12,6,8,3,2,4,0,0,0,
Clay,156,43,30,14,4,7,3,7,7,2,3,0,0,0,
Clinton,341,106,71,19,14,18,11,7,6,8,10,0,0,0,
Coles,528,117,99,23,20,43,18,11,5,8,6,0,0,0,
Cook,40771,10083,9001,2469,2352,1519,1219,1116,1000,831,572,0,0,0,
Chicago,19630,4847,4175,1195,1333,702,446,601,493,422,305,0,0,0,
Suburban Cook,21141,5236,4826,1274,1019,817,773,515,507,409,267,0,0,0,
Crawford,194,51,47,6,6,12,4,4,5,5,2,0,0,0,
Cumberland,111,26,18,11,4,9,0,5,3,5,1,0,0,0,
DeKalb,745,164,176,35,42,37,36,15,15,20,4,0,0,0,
DeWitt,221,54,45,8,9,17,21,6,2,9,5,0,0,0,
Douglas,184,47,42,7,13,13,7,6,3,4,4,0,0,0,
Edgar,246,68,46,7,10,11,7,7,9,6,2,0,0,0,
Edwards,78,28,16,4,2,8,1,0,2,2,5,0,0,0,
Effingham,370,76,69,22,14,30,21,20,7,3,8,0,0,0,
Fayette,226,52,55,8,9,18,16,6,7,8,5,0,0,0,
Ford,175,37,34,12,6,13,5,5,1,4,1,0,0,0,
Franklin,531,96,112,29,32,62,22,20,12,11,10,0,0,0,
Fulton,499,117,111,22,18,27,31,12,7,11,9,0,0,0,
Gallatin,72,17,15,3,4,9,1,2,6,1,1,0,0,0,
Grundy,451,93,108,20,30,30,17,18,13,10,4,0,0,0,
Hamilton,110,25,24,6,4,13,2,4,3,1,1,0,0,0,
Hancock,202,55,42,15,11,11,7,3,5,4,3,0,0,0,
Hardin,58,12,12,3,3,13,0,0,0,2,1,0,0,0,
Henderson,87,28,14,2,10,6,4,4,1,0,2,0,0,0,
Henry,538,146,119,29,31,29,12,14,4,8,4,0,0,0,
Iroquois,364,91,82,24,24,16,21,13,6,5,2,0,0,0,
Jackson,482,113,89,15,33,36,13,9,13,11,15,0,0,0,
Jasper,97,26,15,2,5,7,2,3,3,3,1,0,0,0,
Jefferson,463,102,100,30,25,36,28,9,10,12,10,0,0,0,
Jersey,296,82,63,11,15,13,13,17,9,11,2,0,0,0,
Jo Daviess,225,60,63,7,17,8,20,5,3,1,2,0,0,0,
Johnson,129,27,31,3,4,16,0,6,1,3,7,0,0,0,
Kane,3322,695,774,229,187,134,94,89,84,82,57,0,0,0,
Kankakee,1141,333,239,60,67,47,50,22,26,22,25,0,0,0,
Kendall,643,124,167,26,43,31,24,14,19,13,6,0,0,0,
Knox,701,161,133,38,30,59,46,24,16,14,10,0,0,0,
Lake,4837,1006,1105,236,250,228,219,129,131,81,97,0,0,0,
LaSalle,1329,302,300,85,76,70,62,26,29,24,20,0,0,0,
Lawrence,187,40,45,10,9,13,15,2,7,5,2,0,0,0,
Lee,402,102,103,19,23,20,16,4,11,4,6,0,0,0,
Livingston,449,105,89,29,24,22,25,13,7,14,9,0,0,0,
Logan,335,76,78,14,10,21,22,3,6,8,8,0,0,0,
McDonough,336,83,57,33,19,20,8,5,9,7,3,0,0,0,
McHenry,2141,471,527,112,140,115,83,76,33,20,29,0,0,0,
McLean,1225,271,269,51,75,100,88,24,25,9,19,0,0,0,
Macon,1282,260,277,66,56,74,60,22,23,35,43,0,0,0,
Macoupin,553,140,112,27,26,40,18,9,10,13,5,0,0,0,
Madison,2960,717,579,216,209,149,129,78,59,55,71,0,0,0,
Marion,486,121,99,27,26,40,16,13,20,9,5,0,0,0,
Marshall,154,52,25,7,4,10,12,1,1,6,2,0,0,0,
Mason,190,38,43,9,8,16,8,6,4,3,3,0,0,0,
Massac,192,22,41,8,8,20,15,5,2,5,7,0,0,0,
Mercer,182,50,39,13,6,17,8,3,4,1,2,0,0,0,
Monroe,329,77,69,25,16,23,9,4,7,6,4,0,0,0,
Montgomery,381,91,73,22,19,24,23,4,7,12,10,0,0,0,
Morgan,426,131,95,19,15,31,9,8,5,10,6,0,0,0,
Moultrie,212,45,34,9,11,11,5,9,1,5,2,0,0,0,
Ogle,542,111,121,31,29,41,38,10,8,3,6,0,0,0,
Peoria,1836,420,412,109,105,106,83,34,36,35,30,0,0,0,
Perry,237,59,51,11,10,16,7,7,13,7,0,0,0,0,
Piatt,175,35,34,6,12,15,5,4,2,1,3,0,0,0,
Pike,213,38,54,10,10,14,5,1,3,3,5,0,0,0,
Pope,47,12,13,1,5,2,1,3,1,1,0,0,0,0,
Pulaski,90,22,24,6,9,1,1,2,1,0,1,0,0,0,
Putnam,54,11,19,3,3,5,1,0,1,0,0,0,0,0,
Randolph,361,83,70,15,22,25,7,13,12,6,4,0,0,0,
Richland,193,46,35,10,4,18,2,8,7,11,2,0,0,0,
Rock Island,1584,383,320,69,87,99,43,43,53,28,40,0,0,0,
St. Clair,2617,614,508,163,147,175,81,68,59,35,58,0,0,0,
Saline,367,76,63,22,19,32,6,15,10,19,7,0,0,0,
Sangamon,2000,412,434,76,118,110,68,46,42,48,60,0,0,0,
Schuyler,75,19,9,6,4,6,0,4,1,5,0,0,0,0,
Scott,66,20,15,2,3,3,1,1,4,1,1,0,0,0,
Shelby,264,59,69,12,21,8,8,7,5,10,3,0,0,0,
Stark,65,19,11,3,5,4,7,1,2,0,1,0,0,0,
Stephenson,570,120,108,26,37,31,22,17,14,11,5,0,0,0,
Tazewell,1409,273,314,56,66,99,73,41,36,30,35,0,0,0,
Union,244,66,40,13,10,14,5,0,13,12,6,0,0,0,
Vermilion,997,201,225,50,59,84,40,34,18,15,13,0,0,0,
Wabash,132,22,29,8,8,10,4,0,2,3,1,0,0,0,
Warren,197,53,42,10,13,18,6,3,2,4,0,0,0,0,
Washington,133,38,24,10,8,6,2,3,4,4,2,0,0,0,
Wayne,225,52,42,12,6,19,3,6,10,4,3,0,0,0,
White,229,41,34,14,13,25,5,4,12,7,5,0,0,0,
Whiteside,661,203,141,32,22,58,21,12,16,11,3,0,0,0,
Williamson,717,142,155,39,27,64,11,22,17,11,33,0,0,0,
Winnebago,3002,733,609,168,220,193,129,66,72,39,34,0,0,0,
Woodford,393,105,77,30,17,24,27,9,5,6,2,0,0,0,
ILLINOIS,132701,27466,24020,15715,6762,5432,4639,3487,2651,2430,0,0,0,0,7159
Adams,877,156,141,70,38,62,24,20,22,23,0,0,0,0,45
Alexander,114,18,25,11,6,5,6,1,5,3,0,0,0,0,4
Bond,200,67,37,11,11,12,7,5,4,3,0,0,0,0,9
Boone,488,94,83,57,24,32,24,9,9,9,0,0,0,0,29
Brown,70,15,16,9,5,0,0,3,2,2,0,0,0,0,3
Bureau,476,103,91,57,22,25,15,4,11,10,0,0,0,0,38
Calhoun,68,18,13,5,6,2,2,2,2,2,0,0,0,0,4
Carroll,255,56,44,26,10,20,3,3,3,4,0,0,0,0,17
Cass,163,37,26,27,11,6,3,1,4,4,0,0,0,0,8
Champaign,1517,328,280,66,75,57,70,33,29,27,0,0,0,0,113
Christian,481,94,74,61,22,24,8,8,7,10,0,0,0,0,25
Clark,228,53,37,18,11,15,6,8,3,2,0,0,0,0,9
Clay,194,51,26,29,8,13,3,4,3,2,0,0,0,0,7
Clinton,420,114,67,41,24,20,14,10,9,7,0,0,0,0,15
Coles,623,125,110,49,19,36,26,11,13,16,0,0,0,0,27
Cook,52037,10915,8863,7636,2714,1556,1473,1476,1051,1011,0,0,0,0,3044
Chicago,25769,5350,4071,4125,1369,708,528,816,499,479,0,0,0,0,1842
Suburban Cook,26268,5565,4792,3511,1345,848,945,660,552,532,0,0,0,0,1202
Crawford,235,61,52,29,9,9,6,4,11,2,0,0,0,0,6
Cumberland,133,27,23,20,5,9,3,5,4,2,0,0,0,0,8
DeKalb,897,181,171,56,53,32,39,26,8,17,0,0,0,0,46
DeWitt,243,60,42,21,9,18,18,4,2,8,0,0,0,0,12
Douglas,226,44,38,29,6,14,13,4,4,4,0,0,0,0,11
Edgar,287,57,62,36,9,20,2,7,7,2,0,0,0,0,14
Edwards,93,25,22,10,4,4,0,3,2,4,0,0,0,0,6
Effingham,445,64,86,44,16,23,36,19,5,11,0,0,0,0,14
Fayette,273,50,44,34,17,16,20,7,4,7,0,0,0,0,11
Ford,236,49,40,24,18,9,10,2,4,3,0,0,0,0,6
Franklin,614,110,101,60,26,45,30,26,12,14,0,0,0,0,30
Fulton,547,115,120,32,32,36,29,14,10,8,0,0,0,0,18
Gallatin,83,20,13,8,6,6,3,2,4,2,0,0,0,0,0
Grundy,544,110,101,44,26,34,17,17,10,9,0,0,0,0,39
Hamilton,131,19,22,11,4,10,7,8,2,2,0,0,0,0,3
Hancock,274,65,41,32,13,11,7,6,7,5,0,0,0,0,16
Hardin,73,16,8,10,2,8,1,2,1,1,0,0,0,0,1
Henderson,107,26,15,15,2,9,1,7,1,0,0,0,0,0,4
Henry,689,183,125,63,36,36,23,16,9,8,0,0,0,0,28
Iroquois,443,98,83,44,25,21,23,10,7,6,0,0,0,0,23
Jackson,616,137,114,68,25,30,16,10,15,16,0,0,0,0,32
Jasper,102,18,23,13,5,2,2,4,3,0,0,0,0,0,5
Jefferson,559,118,100,65,31,30,24,19,8,13,0,0,0,0,28
Jersey,324,77,60,36,12,15,20,11,12,9,0,0,0,0,17
Jo Daviess,303,76,57,23,13,18,14,4,3,2,0,0,0,0,20
Johnson,164,30,27,14,6,17,4,4,1,1,0,0,0,0,11
Kane,4190,782,835,512,269,145,101,108,76,62,0,0,0,0,200
Kankakee,1354,370,242,124,66,49,65,31,33,19,0,0,0,0,81
Kendall,768,147,160,74,51,30,22,16,15,10,0,0,0,0,34
Knox,816,172,139,106,27,58,52,20,14,10,0,0,0,0,28
Lake,5738,1106,1113,698,267,197,230,161,119,99,0,0,0,0,278
LaSalle,1524,326,287,180,64,77,94,40,22,35,0,0,0,0,64
Lawrence,213,32,32,30,10,11,13,3,7,6,0,0,0,0,13
Lee,458,101,95,64,20,21,11,4,11,4,0,0,0,0,19
Livingston,509,111,90,54,22,26,23,17,11,5,0,0,0,0,29
Logan,415,71,73,47,13,21,33,8,7,12,0,0,0,0,18
McDonough,370,88,67,31,20,16,12,8,5,12,0,0,0,0,16
McHenry,2576,540,569,234,106,100,91,69,49,38,0,0,0,0,152
McLean,1429,337,260,110,54,81,125,33,21,21,0,0,0,0,78
Macon,1449,299,273,142,51,67,54,24,22,48,0,0,0,0,74
Macoupin,663,139,108,64,36,26,30,19,16,9,0,0,0,0,35
Madison,3387,723,592,294,232,173,133,79,67,67,0,0,0,0,229
Marion,651,130,116,50,36,59,30,18,17,11,0,0,0,0,27
Marshall,172,46,32,8,9,5,8,3,0,3,0,0,0,0,16
Mason,235,44,54,33,8,9,10,6,4,5,0,0,0,0,10
Massac,240,41,37,21,13,30,19,6,8,2,0,0,0,0,6
Mercer,221,34,42,16,11,17,10,11,3,5,0,0,0,0,6
Monroe,372,76,76,45,13,15,10,9,8,5,0,0,0,0,15
Montgomery,423,82,72,29,29,22,19,9,10,11,0,0,0,0,21
Morgan,485,112,90,54,16,20,20,7,6,16,0,0,0,0,21
Moultrie,216,41,42,20,7,9,5,10,3,4,0,0,0,0,13
Ogle,613,122,137,52,29,42,29,20,15,6,0,0,0,0,23
Peoria,2109,419,422,145,96,103,86,51,42,36,0,0,0,0,144
Perry,266,53,41,29,8,14,15,9,10,5,0,0,0,0,12
Piatt,189,50,40,9,5,7,5,4,1,1,0,0,0,0,6
Pike,255,37,57,39,8,13,3,4,3,4,0,0,0,0,12
Pope,53,10,13,2,3,4,2,0,2,1,0,0,0,0,3
Pulaski,79,18,11,6,6,4,5,4,3,2,0,0,0,0,2
Putnam,59,15,17,1,3,0,0,0,1,1,0,0,0,0,7
Randolph,432,86,85,51,22,25,12,14,2,4,0,0,0,0,23
Richland,267,54,42,29,11,27,1,5,12,9,0,0,0,0,14
Rock Island,1949,392,341,192,64,97,55,84,35,21,0,0,0,0,87
St. Clair,3167,579,570,322,194,159,114,98,60,36,0,0,0,0,203
Saline,405,74,75,41,16,42,12,15,14,6,0,0,0,0,16
Sangamon,2227,490,428,190,90,105,59,57,31,37,0,0,0,0,132
Schuyler,98,18,12,8,10,6,0,3,0,4,0,0,0,0,4
Scott,68,18,12,4,2,3,1,0,3,1,0,0,0,0,1
Shelby,277,60,53,30,13,13,6,3,8,8,0,0,0,0,17
Stark,87,18,15,12,1,3,4,2,0,3,0,0,0,0,6
Stephenson,685,131,127,64,32,40,25,21,19,18,0,0,0,0,42
Tazewell,1675,351,294,111,74,109,77,49,30,40,0,0,0,0,73
Union,284,64,44,21,13,15,10,4,6,15,0,0,0,0,13
Vermilion,1105,212,207,84,51,79,38,51,25,18,0,0,0,0,55
Wabash,159,30,29,15,5,11,7,5,5,4,0,0,0,0,7
Warren,256,70,52,31,9,13,9,10,2,2,0,0,0,0,8
Washington,183,35,28,17,7,10,4,8,3,3,0,0,0,0,11
Wayne,245,44,37,31,10,15,9,5,4,3,0,0,0,0,11
White,254,44,40,30,9,18,7,5,10,3,0,0,0,0,13
Whiteside,819,169,153,148,42,37,21,12,18,7,0,0,0,0,28
Williamson,872,153,164,76,40,58,17,17,25,22,0,0,0,0,44
Winnebago,3489,732,642,324,170,188,148,71,86,52,0,0,0,0,226
Woodford,449,107,83,46,20,23,30,7,4,10,0,0,0,0,19
ILLINOIS,125102,26282,23613,11297,6768,4927,4028,3388,2648,1779,0,0,0,0,7616
Adams,936,177,184,103,36,41,21,23,19,9,0,0,0,0,32
Alexander,104,21,21,12,5,5,4,2,3,3,0,0,0,0,5
Bond,220,52,37,28,16,7,4,3,4,3,0,0,0,0,14
Boone,502,113,117,38,19,27,9,18,12,14,0,0,0,0,21
Brown,67,16,6,7,7,6,0,1,0,0,0,0,0,0,0
Bureau,447,92,86,51,24,23,13,6,13,8,0,0,0,0,34
Calhoun,69,16,16,5,2,1,2,4,3,1,0,0,0,0,7
Carroll,215,55,54,13,11,12,2,6,2,1,0,0,0,0,8
Cass,148,36,25,16,5,7,2,2,2,0,0,0,0,0,8
Champaign,1643,332,305,128,78,59,82,32,33,18,0,0,0,0,108
Christian,501,101,103,40,18,25,14,10,19,7,0,0,0,0,32
Clark,235,51,38,30,10,13,9,5,4,5,0,0,0,0,8
Clay,182,32,39,19,11,11,3,4,6,1,0,0,0,0,6
Clinton,365,99,60,35,16,20,16,8,7,6,0,0,0,0,22
Coles,596,106,91,64,19,40,14,12,9,8,0,0,0,0,34
Cook,47077,10259,8720,4196,2657,1317,1323,1308,976,622,0,0,0,0,3285
Chicago,22882,4974,3946,2143,1263,579,433,728,461,342,0,0,0,0,1946
Suburban Cook,24195,5285,4774,2053,1394,738,890,580,515,280,0,0,0,0,1339
Crawford,238,45,54,27,12,12,6,2,3,1,0,0,0,0,9
Cumberland,157,29,30,19,8,13,4,8,3,1,0,0,0,0,4
DeKalb,894,180,172,70,43,41,34,23,14,11,0,0,0,0,57
DeWitt,229,63,40,20,8,8,16,4,4,8,0,0,0,0,5
Douglas,247,62,49,17,12,12,4,6,5,3,0,0,0,0,8
Edgar,278,53,43,42,10,10,7,7,8,8,0,0,0,0,13
Edwards,89,17,20,17,11,2,2,1,2,0,0,0,0,0,3
Effingham,430,68,79,54,22,14,19,15,5,2,0,0,0,0,29
Fayette,244,44,47,30,13,13,13,6,6,2,0,0,0,0,10
Ford,236,55,43,20,11,9,7,5,6,9,0,0,0,0,14
Franklin,643,114,140,88,26,42,13,22,9,15,0,0,0,0,28
Fulton,514,106,93,55,20,37,14,12,14,3,0,0,0,0,18
Gallatin,91,24,18,8,4,7,6,0,2,0,0,0,0,0,4
Grundy,527,95,108,55,33,27,19,19,9,9,0,0,0,0,25
Hamilton,103,21,19,18,3,9,4,1,1,2,0,0,0,0,5
Hancock,238,53,37,24,12,11,5,10,12,1,0,0,0,0,11
Hardin,83,20,16,11,4,5,1,1,1,0,0,0,0,0,3
Henderson,109,25,23,10,3,5,2,5,3,2,0,0,0,0,7
Henry,600,139,113,41,24,29,22,12,14,8,0,0,0,0,43
Iroquois,418,89,88,43,21,14,19,19,5,5,0,0,0,0,23
Jackson,612,135,111,65,25,21,16,17,15,8,0,0,0,0,30
Jasper,124,26,28,13,7,3,2,2,2,1,0,0,0,0,4
Jefferson,550,108,88,67,28,37,23,8,14,10,0,0,0,0,36
Jersey,317,55,56,29,13,19,11,17,14,5,0,0,0,0,20
Jo Daviess,260,55,61,18,12,7,9,7,6,2,0,0,0,0,13
Johnson,176,24,37,32,4,12,1,7,3,3,0,0,0,0,6
Kane,3908,725,787,326,256,130,122,91,91,83,0,0,0,0,231
Kankakee,1378,346,257,132,77,54,38,25,23,25,0,0,0,0,68
Kendall,782,144,169,61,36,31,17,16,26,13,0,0,0,0,46
Knox,730,158,143,73,39,47,39,19,8,13,0,0,0,0,38
Lake,5215,1034,1091,373,246,179,222,150,125,65,0,0,0,0,286
LaSalle,1435,293,304,129,62,75,73,33,13,30,0,0,0,0,86
Lawrence,197,42,41,20,12,23,3,5,3,2,0,0,0,0,5
Lee,420,94,72,39,36,15,10,7,8,7,0,0,0,0,17
Livingston,483,87,84,64,20,22,30,9,10,6,0,0,0,0,37
Logan,332,58,61,30,20,17,21,5,10,4,0,0,0,0,11
McDonough,323,66,43,32,25,18,11,8,8,3,0,0,0,0,14
McHenry,2539,556,570,183,127,102,75,60,58,43,0,0,0,0,120
McLean,1413,291,284,145,60,70,79,34,26,17,0,0,0,0,69
Macon,1434,289,261,136,60,59,44,30,28,33,0,0,0,0,63
Macoupin,647,133,119,70,43,33,14,20,16,5,0,0,0,0,38
Madison,3381,717,586,319,239,162,89,101,62,46,0,0,0,0,228
Marion,594,119,109,67,31,50,14,13,22,10,0,0,0,0,23
Marshall,184,34,23,17,13,8,11,3,3,3,0,0,0,0,11
Mason,222,49,44,20,11,10,5,8,2,2,0,0,0,0,16
Massac,238,34,37,29,14,24,20,9,5,2,0,0,0,0,8
Mercer,206,50,35,16,9,15,4,4,6,2,0,0,0,0,14
Monroe,358,86,63,35,27,11,4,17,6,6,0,0,0,0,24
Montgomery,460,68,82,69,32,32,14,7,7,3,0,0,0,0,37
Morgan,438,97,86,31,15,29,14,10,6,7,0,0,0,0,17
Moultrie,216,45,37,19,7,18,9,9,5,0,0,0,0,0,8
Ogle,592,119,110,49,17,42,30,26,15,11,0,0,0,0,29
Peoria,2150,449,384,212,97,103,82,49,33,31,0,0,0,0,132
Perry,302,57,50,40,12,20,6,10,7,7,0,0,0,0,19
Piatt,209,47,42,10,6,11,10,8,2,7,0,0,0,0,14
Pike,236,43,43,32,13,7,2,13,4,1,0,0,0,0,12
Pope,72,20,12,12,2,5,0,0,3,1,0,0,0,0,6
Pulaski,107,21,13,16,6,6,5,3,6,1,0,0,0,0,5
Putnam,71,15,16,8,5,0,1,0,1,1,0,0,0,0,7
Randolph,444,97,86,50,23,24,14,27,5,6,0,0,0,0,28
Richland,266,59,44,42,17,10,2,3,6,5,0,0,0,0,13
Rock Island,1776,367,323,160,78,93,50,59,40,29,0,0,0,0,70
St. Clair,3076,532,507,295,210,153,108,124,63,31,0,0,0,0,225
Saline,423,67,61,53,16,31,5,21,10,4,0,0,0,0,17
Sangamon,2119,458,427,141,75,109,60,43,44,38,0,0,0,0,144
Schuyler,108,21,23,9,11,6,1,5,1,3,0,0,0,0,6
Scott,69,20,11,6,3,5,3,0,0,1,0,0,0,0,4
Shelby,321,56,67,48,10,13,10,11,2,4,0,0,0,0,13
Stark,97,25,17,8,6,6,3,2,1,1,0,0,0,0,5
Stephenson,654,98,122,93,31,29,13,25,18,10,0,0,0,0,39
Tazewell,1718,367,281,165,93,85,75,46,34,22,0,0,0,0,102
Union,278,59,51,32,19,12,6,7,8,4,0,0,0,0,12
Vermilion,1186,194,226,157,51,90,29,39,18,11,0,0,0,0,64
Wabash,161,28,34,15,8,9,8,3,9,1,0,0,0,0,7
Warren,216,49,47,28,12,15,9,7,3,5,0,0,0,0,9
Washington,167,31,31,21,17,8,5,1,4,2,0,0,0,0,9
Wayne,242,51,41,29,13,9,6,5,5,3,0,0,0,0,14
White,253,55,37,22,14,16,10,2,4,3,0,0,0,0,10
Whiteside,757,162,139,79,34,35,17,12,20,11,0,0,0,0,37
Williamson,889,154,150,97,29,67,23,21,35,20,0,0,0,0,46
Winnebago,3541,765,621,303,187,191,148,82,84,54,0,0,0,0,264
Woodford,421,90,72,58,25,13,24,11,4,4,0,0,0,0,14
ILLINOIS,122977,26791,23622,7482,6622,5324,4238,3526,2879,1969,0,0,0,0,7149
Adams,837,164,156,45,42,61,18,28,20,11,0,0,0,0,53
Alexander,96,18,21,4,4,9,1,6,1,0,0,0,0,0,7
Bond,193,53,43,8,10,6,3,7,3,1,0,0,0,0,16
Boone,502,115,95,28,30,28,13,12,6,5,0,0,0,0,27
Brown,56,12,8,2,3,4,2,2,0,0,0,0,0,0,3
Bureau,425,94,84,36,24,25,14,2,16,6,0,0,0,0,28
Calhoun,87,19,11,7,5,6,3,6,0,0,0,0,0,0,7
Carroll,240,58,56,10,11,8,4,7,3,1,0,0,0,0,16
Cass,128,20,26,2,11,8,2,7,1,7,0,0,0,0,6
Champaign,1524,330,271,116,66,63,71,35,28,26,0,0,0,0,72
Champaign-Urbana,922,214,153,72,39,41,41,21,13,18,0,0,0,0,39
Remainder of county,602,116,118,44,27,22,30,14,15,8,0,0,0,0,33
Christian,447,122,79,10,20,31,10,5,9,14,0,0,0,0,33
Clark,217,50,46,12,6,10,8,7,6,0,0,0,0,0,10
Clay,190,57,41,10,10,9,7,2,7,4,0,0,0,0,13
Clinton,371,107,77,16,15,17,9,11,8,6,0,0,0,0,23
Coles,588,121,107,29,16,33,16,19,13,9,0,0,0,0,36
Cook,45837,10270,8451,3268,2578,1444,1451,1363,1080,764,0,0,0,0,2757
Chicago,22108,5018,3893,1959,1164,623,506,739,505,375,0,0,0,0,1319
Suburban Cook,23729,5252,4558,1309,1414,821,945,624,575,389,0,0,0,0,1438
Evanston,577,149,107,22,33,12,15,15,6,8,0,0,0,0,27
Oak Park,385,68,86,21,26,15,16,6,5,10,0,0,0,0,16
Skokie,570,137,115,21,28,15,30,7,18,6,0,0,0,0,37
Stickney Township,337,80,68,25,15,14,10,9,9,6,0,0,0,0,28
Remainder of county,21860,4818,4182,1220,1312,765,874,587,537,359,0,0,0,0,1330
Crawford,277,57,39,13,14,19,7,12,6,3,0,0,0,0,16
Cumberland,125,30,19,4,6,5,5,4,1,2,0,0,0,0,8
DeKalb,835,181,177,49,39,43,27,15,22,9,0,0,0,0,56
DeWitt,186,49,35,5,6,12,13,4,1,3,0,0,0,0,11
Douglas,239,42,50,17,18,8,11,3,3,8,0,0,0,0,18
Edgar,254,77,62,12,10,10,5,3,2,1,0,0,0,0,13
Edwards,76,19,20,1,2,2,5,2,4,0,0,0,0,0,6
Effingham,391,59,77,16,15,16,24,22,9,7,0,0,0,0,28
Fayette,275,46,49,13,8,9,14,5,9,10,0,0,0,0,25
Ford,195,52,29,5,11,11,9,6,5,5,0,0,0,0,13
Franklin,591,104,113,25,30,51,13,35,12,8,0,0,0,0,45
Fulton,532,105,99,20,13,38,22,14,12,8,0,0,0,0,41
Gallatin,97,23,18,3,4,7,2,1,5,2,0,0,0,0,6
Greene,198,43,35,10,12,11,5,9,6,7,0,0,0,0,17
Grundy,518,119,110,28,32,14,9,13,12,10,0,0,0,0,34
Hamilton,119,31,26,4,6,4,4,6,6,0,0,0,0,0,10
Hancock,227,56,44,13,10,14,8,7,7,3,0,0,0,0,16
Hardin,74,11,18,2,1,8,1,3,1,2,0,0,0,0,7
Henderson,83,21,21,6,2,4,7,1,2,2,0,0,0,0,2
Henry,580,132,127,19,24,40,8,14,10,11,0,0,0,0,42
Iroquois,452,110,86,23,21,32,21,18,9,7,0,0,0,0,31
Jackson,567,131,101,33,21,37,16,14,12,10,0,0,0,0,43
Jasper,134,27,31,6,9,10,5,3,2,3,0,0,0,0,6
Jefferson,506,113,105,33,13,40,26,15,11,10,0,0,0,0,30
Jersey,295,70,61,10,15,24,10,13,4,3,0,0,0,0,21
Jo Daviess,309,65,73,17,16,12,12,5,8,2,0,0,0,0,13
Johnson,162,37,30,10,3,13,5,8,2,3,0,0,0,0,6
Kane,3992,755,789,195,292,140,146,103,121,49,0,0,0,0,235
Kankakee,1231,330,218,79,77,41,40,31,29,16,0,0,0,0,59
Kendall,757,133,165,38,45,25,34,26,29,6,0,0,0,0,45
Knox,742,161,139,33,30,42,37,16,24,13,0,0,0,0,55
Lake,5433,1080,1165,282,237,201,219,142,147,89,0,0,0,0,290
LaSalle,1383,338,250,101,63,89,83,23,21,20,0,0,0,0,78
Lawrence,186,37,29,10,13,16,8,4,4,2,0,0,0,0,6
Lee,415,104,84,16,17,17,12,8,12,7,0,0,0,0,17
Livingston,497,126,87,24,25,39,20,9,7,10,0,0,0,0,37
Logan,378,75,85,17,15,27,16,9,7,9,0,0,0,0,16
McDonough,333,93,62,13,11,15,9,8,7,5,0,0,0,0,28
McHenry,2620,570,602,120,149,112,88,76,57,34,0,0,0,0,109
McLean,1433,319,278,76,68,86,84,48,29,24,0,0,0,0,78
Macoupin,676,167,123,34,41,43,20,22,17,11,0,0,0,0,29
Madison,3294,727,653,225,200,135,121,89,69,65,0,0,0,0,203
Marion,584,130,116,37,19,53,15,16,13,6,0,0,0,0,48
Marshall,182,51,32,13,9,6,8,1,5,3,0,0,0,0,11
Mason,203,51,25,12,12,9,5,4,6,4,0,0,0,0,11
Massac,235,34,41,10,12,18,27,10,3,3,0,0,0,0,9
Menard,145,29,40,3,5,7,3,3,3,1,0,0,0,0,14
Mercer,221,53,47,8,7,19,6,1,2,2,0,0,0,0,11
Monroe,368,71,72,19,17,20,10,11,10,5,0,0,0,0,28
Montgomery,384,70,90,15,25,23,13,9,6,6,0,0,0,0,23
Morgan,473,102,93,29,21,30,13,7,14,3,0,0,0,0,31
Moultrie,197,41,36,9,10,8,3,8,3,2,0,0,0,0,11
Ogle,577,125,126,24,19,38,22,20,16,6,0,0,0,0,24
Peoria,2054,427,378,164,110,93,83,52,29,29,0,0,0,0,114
Perry,274,53,61,15,12,13,13,14,9,8,0,0,0,0,13
Piatt,187,33,35,8,7,10,5,5,3,5,0,0,0,0,7
Pike,238,48,33,15,12,24,5,6,3,5,0,0,0,0,25
Pope,62,12,16,1,9,2,1,1,2,0,0,0,0,0,3
Pulaski,102,43,17,3,4,4,0,2,1,1,0,0,0,0,3
Putnam,49,13,10,3,3,4,2,1,2,0,0,0,0,0,3
Randolph,382,82,77,26,24,25,8,6,10,3,0,0,0,0,23
Richland,237,57,45,11,18,14,3,6,5,6,0,0,0,0,11
Rock Island,1733,385,301,83,83,90,49,82,40,25,0,0,0,0,90
St. Clair,2881,604,519,194,181,146,86,130,61,40,0,0,0,0,118
East Side HD,694,136,119,56,41,33,19,42,14,14,0,0,0,0,19
Remainder of county,2187,468,400,138,140,113,67,88,47,26,0,0,0,0,99
Saline,369,84,65,19,11,25,8,20,9,9,0,0,0,0,25
Sangamon,2228,480,407,140,93,107,67,60,50,45,0,0,0,0,102
Schuyler,98,23,17,7,4,6,0,1,1,1,0,0,0,0,3
Scott,69,13,16,2,2,3,3,5,2,2,0,0,0,0,5
Shelby,290,59,67,13,20,14,7,4,7,4,0,0,0,0,25
Stark,75,17,12,6,4,2,4,1,1,3,0,0,0,0,7
Stephenson,636,131,113,31,30,31,22,20,14,14,0,0,0,0,62
Union,233,55,53,9,8,21,10,11,8,3,0,0,0,0,9
Vermilion,1156,209,222,72,49,84,28,46,22,22,0,0,0,0,58
Wabash,167,28,36,3,9,15,8,3,9,2,0,0,0,0,8
Warren,208,46,40,10,10,20,5,7,9,0,0,0,0,0,11
Washington,181,39,40,12,4,12,8,6,4,5,0,0,0,0,8
Wayne,269,49,52,10,5,17,20,12,5,4,0,0,0,0,20
White,242,55,37,12,6,26,13,8,9,3,0,0,0,0,16
Whiteside,775,164,167,37,52,33,14,18,17,12,0,0,0,0,52
Will,5565,1151,1155,320,296,245,179,162,140,84,0,0,0,0,339
Williamson,886,170,150,41,41,71,15,24,29,15,0,0,0,0,70
Winnebago,3457,792,636,235,166,183,138,103,84,40,0,0,0,0,197
Woodford,448,115,82,22,24,25,32,10,9,7,0,0,0,0,22
ILLINOIS,122977,26791,23622,7482,6622,5324,4238,3526,2879,1969,0,0,0,0,7149
Adams,837,164,156,45,42,61,18,28,20,11,0,0,0,0,53
Alexander,96,18,21,4,4,9,1,6,1,0,0,0,0,0,7
Bond,193,53,43,8,10,6,3,7,3,1,0,0,0,0,16
Boone,502,115,95,28,30,28,13,12,6,5,0,0,0,0,27
Brown,56,12,8,2,3,4,2,2,0,0,0,0,0,0,3
Bureau,425,94,84,36,24,25,14,2,16,6,0,0,0,0,28
Calhoun,87,19,11,7,5,6,3,6,0,0,0,0,0,0,7
Carroll,240,58,56,10,11,8,4,7,3,1,0,0,0,0,16
Cass,128,20,26,2,11,8,2,7,1,7,0,0,0,0,6
Champaign,1524,330,271,116,66,63,71,35,28,26,0,0,0,0,72
Champaign-Urbana,922,214,153,72,39,41,41,21,13,18,0,0,0,0,39
Remainder of county,602,116,118,44,27,22,30,14,15,8,0,0,0,0,33
Christian,447,122,79,10,20,31,10,5,9,14,0,0,0,0,33
Clark,217,50,46,12,6,10,8,7,6,0,0,0,0,0,10
Clay,190,57,41,10,10,9,7,2,7,4,0,0,0,0,13
Clinton,371,107,77,16,15,17,9,11,8,6,0,0,0,0,23
Coles,588,121,107,29,16,33,16,19,13,9,0,0,0,0,36
Cook,45837,10270,8451,3268,2578,1444,1451,1363,1080,764,0,0,0,0,2757
Chicago,22108,5018,3893,1959,1164,623,506,739,505,375,0,0,0,0,1319
Suburban Cook,23729,5252,4558,1309,1414,821,945,624,575,389,0,0,0,0,1438
Evanston,577,149,107,22,33,12,15,15,6,8,0,0,0,0,27
Oak Park,385,68,86,21,26,15,16,6,5,10,0,0,0,0,16
Skokie,570,137,115,21,28,15,30,7,18,6,0,0,0,0,37
Stickney Township,337,80,68,25,15,14,10,9,9,6,0,0,0,0,28
Remainder of county,21860,4818,4182,1220,1312,765,874,587,537,359,0,0,0,0,1330
Crawford,277,57,39,13,14,19,7,12,6,3,0,0,0,0,16
Cumberland,125,30,19,4,6,5,5,4,1,2,0,0,0,0,8
DeKalb,835,181,177,49,39,43,27,15,22,9,0,0,0,0,56
DeWitt,186,49,35,5,6,12,13,4,1,3,0,0,0,0,11
Douglas,239,42,50,17,18,8,11,3,3,8,0,0,0,0,18
Edgar,254,77,62,12,10,10,5,3,2,1,0,0,0,0,13
Edwards,76,19,20,1,2,2,5,2,4,0,0,0,0,0,6
Effingham,391,59,77,16,15,16,24,22,9,7,0,0,0,0,28
Fayette,275,46,49,13,8,9,14,5,9,10,0,0,0,0,25
Ford,195,52,29,5,11,11,9,6,5,5,0,0,0,0,13
Franklin,591,104,113,25,30,51,13,35,12,8,0,0,0,0,45
Fulton,532,105,99,20,13,38,22,14,12,8,0,0,0,0,41
Gallatin,97,23,18,3,4,7,2,1,5,2,0,0,0,0,6
Greene,198,43,35,10,12,11,5,9,6,7,0,0,0,0,17
Grundy,518,119,110,28,32,14,9,13,12,10,0,0,0,0,34
Hamilton,119,31,26,4,6,4,4,6,6,0,0,0,0,0,10
Hancock,227,56,44,13,10,14,8,7,7,3,0,0,0,0,16
Hardin,74,11,18,2,1,8,1,3,1,2,0,0,0,0,7
Henderson,83,21,21,6,2,4,7,1,2,2,0,0,0,0,2
Henry,580,132,127,19,24,40,8,14,10,11,0,0,0,0,42
Iroquois,452,110,86,23,21,32,21,18,9,7,0,0,0,0,31
Jackson,567,131,101,33,21,37,16,14,12,10,0,0,0,0,43
Jasper,134,27,31,6,9,10,5,3,2,3,0,0,0,0,6
Jefferson,506,113,105,33,13,40,26,15,11,10,0,0,0,0,30
Jersey,295,70,61,10,15,24,10,13,4,3,0,0,0,0,21
Jo Daviess,309,65,73,17,16,12,12,5,8,2,0,0,0,0,13
Johnson,162,37,30,10,3,13,5,8,2,3,0,0,0,0,6
Kane,3992,755,789,195,292,140,146,103,121,49,0,0,0,0,235
Kankakee,1231,330,218,79,77,41,40,31,29,16,0,0,0,0,59
Kendall,757,133,165,38,45,25,34,26,29,6,0,0,0,0,45
Knox,742,161,139,33,30,42,37,16,24,13,0,0,0,0,55
Lake,5433,1080,1165,282,237,201,219,142,147,89,0,0,0,0,290
LaSalle,1383,338,250,101,63,89,83,23,21,20,0,0,0,0,78
Lawrence,186,37,29,10,13,16,8,4,4,2,0,0,0,0,6
Lee,415,104,84,16,17,17,12,8,12,7,0,0,0,0,17
Livingston,497,126,87,24,25,39,20,9,7,10,0,0,0,0,37
Logan,378,75,85,17,15,27,16,9,7,9,0,0,0,0,16
McDonough,333,93,62,13,11,15,9,8,7,5,0,0,0,0,28
McHenry,2620,570,602,120,149,112,88,76,57,34,0,0,0,0,109
McLean,1433,319,278,76,68,86,84,48,29,24,0,0,0,0,78
Macoupin,676,167,123,34,41,43,20,22,17,11,0,0,0,0,29
Madison,3294,727,653,225,200,135,121,89,69,65,0,0,0,0,203
Marion,584,130,116,37,19,53,15,16,13,6,0,0,0,0,48
Marshall,182,51,32,13,9,6,8,1,5,3,0,0,0,0,11
Mason,203,51,25,12,12,9,5,4,6,4,0,0,0,0,11
Massac,235,34,41,10,12,18,27,10,3,3,0,0,0,0,9
Menard,145,29,40,3,5,7,3,3,3,1,0,0,0,0,14
Mercer,221,53,47,8,7,19,6,1,2,2,0,0,0,0,11
Monroe,368,71,72,19,17,20,10,11,10,5,0,0,0,0,28
Montgomery,384,70,90,15,25,23,13,9,6,6,0,0,0,0,23
Morgan,473,102,93,29,21,30,13,7,14,3,0,0,0,0,31
Moultrie,197,41,36,9,10,8,3,8,3,2,0,0,0,0,11
Ogle,577,125,126,24,19,38,22,20,16,6,0,0,0,0,24
Peoria,2054,427,378,164,110,93,83,52,29,29,0,0,0,0,114
Perry,274,53,61,15,12,13,13,14,9,8,0,0,0,0,13
Piatt,187,33,35,8,7,10,5,5,3,5,0,0,0,0,7
Pike,238,48,33,15,12,24,5,6,3,5,0,0,0,0,25
Pope,62,12,16,1,9,2,1,1,2,0,0,0,0,0,3
Pulaski,102,43,17,3,4,4,0,2,1,1,0,0,0,0,3
Putnam,49,13,10,3,3,4,2,1,2,0,0,0,0,0,3
Randolph,382,82,77,26,24,25,8,6,10,3,0,0,0,0,23
Richland,237,57,45,11,18,14,3,6,5,6,0,0,0,0,11
Rock Island,1733,385,301,83,83,90,49,82,40,25,0,0,0,0,90
St. Clair,2881,604,519,194,181,146,86,130,61,40,0,0,0,0,118
East Side HD,694,136,119,56,41,33,19,42,14,14,0,0,0,0,19
Remainder of county,2187,468,400,138,140,113,67,88,47,26,0,0,0,0,99
Saline,369,84,65,19,11,25,8,20,9,9,0,0,0,0,25
Sangamon,2228,480,407,140,93,107,67,60,50,45,0,0,0,0,102
Schuyler,98,23,17,7,4,6,0,1,1,1,0,0,0,0,3
Scott,69,13,16,2,2,3,3,5,2,2,0,0,0,0,5
Shelby,290,59,67,13,20,14,7,4,7,4,0,0,0,0,25
Stark,75,17,12,6,4,2,4,1,1,3,0,0,0,0,7
Stephenson,636,131,113,31,30,31,22,20,14,14,0,0,0,0,62
Union,233,55,53,9,8,21,10,11,8,3,0,0,0,0,9
Vermilion,1156,209,222,72,49,84,28,46,22,22,0,0,0,0,58
Wabash,167,28,36,3,9,15,8,3,9,2,0,0,0,0,8
Warren,208,46,40,10,10,20,5,7,9,0,0,0,0,0,11
Washington,181,39,40,12,4,12,8,6,4,5,0,0,0,0,8
Wayne,269,49,52,10,5,17,20,12,5,4,0,0,0,0,20
White,242,55,37,12,6,26,13,8,9,3,0,0,0,0,16
Whiteside,775,164,167,37,52,33,14,18,17,12,0,0,0,0,52
Will,5565,1151,1155,320,296,245,179,162,140,84,0,0,0,0,339
Williamson,886,170,150,41,41,71,15,24,29,15,0,0,0,0,70
Winnebago,3457,792,636,235,166,183,138,103,84,40,0,0,0,0,197
Woodford,448,115,82,22,24,25,32,10,9,7,0,0,0,0,22
