County,Total_Deaths,Year,Diseases_of_Heart,Malignant_Neoplasms,Cerebrovascular_Diseases,Chronic_Lower_Respiratory_Diseases,Accidents,Alzheimers_Disease,Diabetes_Mellitus,Nephritis_Nephrotic_Syndrome_Nephrosis,Influenza_and_Pneumonia,Septicemia
ILLINOIS,106879.0,2015,25653.0,24713.0,5709.0,5544.0,4853.0,3687.0,2818.0,2543.0,2343.0,1819.0
Adams,832.0,2015,162.0,159.0,33.0,60.0,52.0,41.0,11.0,18.0,29.0,37.0
Alexander,97.0,2015,17.0,32.0,5.0,3.0,3.0,2.0,3.0,12.0,2.0,2.0
Bond,192.0,2015,51.0,42.0,4.0,7.0,15.0,16.0,4.0,7.0,2.0,4.0
Boone,398.0,2015,94.0,94.0,28.0,30.0,21.0,10.0,10.0,17.0,6.0,3.0
Brown,47.0,2015,13.0,9.0,1.0,2.0,1.0,0.0,2.0,0.0,1.0,2.0
Bureau,379.0,2015,101.0,83.0,26.0,25.0,24.0,15.0,8.0,9.0,13.0,3.0
Calhoun,50.0,2015,18.0,7.0,2.0,1.0,4.0,2.0,2.0,4.0,2.0,1.0
Carroll,192.0,2015,48.0,41.0,8.0,11.0,11.0,1.0,2.0,5.0,3.0,0.0
Cass,144.0,2015,34.0,26.0,6.0,12.0,10.0,4.0,4.0,5.0,7.0,2.0
Champaign,1256.0,2015,220.0,271.0,79.0,71.0,78.0,73.0,14.0,20.0,28.0,17.0
Christian,448.0,2015,112.0,98.0,24.0,25.0,20.0,12.0,6.0,10.0,23.0,10.0
Clark,209.0,2015,54.0,40.0,10.0,18.0,7.0,2.0,3.0,11.0,5.0,1.0
Clay,198.0,2015,43.0,38.0,7.0,19.0,7.0,2.0,4.0,25.0,8.0,5.0
Clinton,376.0,2015,109.0,63.0,22.0,26.0,19.0,8.0,9.0,6.0,15.0,8.0
Coles,558.0,2015,169.0,130.0,29.0,35.0,22.0,21.0,12.0,14.0,8.0,10.0
Cook,40287.0,2015,10156.0,9553.0,2239.0,1595.0,1607.0,1369.0,1190.0,927.0,873.0,649.0
Chicago,19308.0,2015,4939.0,4536.0,1052.0,703.0,828.0,563.0,637.0,457.0,421.0,332.0
Suburban Cook,20979.0,2015,5217.0,5017.0,1187.0,892.0,779.0,806.0,553.0,470.0,452.0,317.0
Crawford,242.0,2015,73.0,47.0,23.0,13.0,7.0,9.0,3.0,6.0,8.0,4.0
Cumberland,125.0,2015,25.0,20.0,13.0,10.0,3.0,7.0,6.0,3.0,3.0,1.0
DeKalb,701.0,2015,137.0,165.0,36.0,27.0,44.0,29.0,21.0,19.0,17.0,9.0
DeWitt,197.0,2015,37.0,44.0,13.0,9.0,19.0,14.0,6.0,4.0,5.0,5.0
Douglas,201.0,2015,52.0,49.0,10.0,11.0,10.0,10.0,4.0,5.0,6.0,5.0
DuPage,6099.0,2015,1356.0,1455.0,344.0,309.0,240.0,218.0,110.0,138.0,129.0,83.0
Edgar,254.0,2015,66.0,55.0,20.0,17.0,6.0,17.0,4.0,8.0,6.0,3.0
Edwards,70.0,2015,17.0,15.0,7.0,5.0,1.0,0.0,2.0,2.0,2.0,2.0
Effingham,405.0,2015,98.0,81.0,35.0,21.0,22.0,22.0,10.0,4.0,8.0,8.0
Fayette,255.0,2015,50.0,71.0,13.0,26.0,12.0,17.0,8.0,4.0,6.0,3.0
Ford,190.0,2015,48.0,36.0,14.0,14.0,6.0,10.0,0.0,2.0,1.0,1.0
Franklin,561.0,2015,77.0,133.0,22.0,56.0,41.0,31.0,21.0,14.0,18.0,15.0
Fulton,466.0,2015,107.0,82.0,21.0,31.0,21.0,17.0,7.0,12.0,9.0,6.0
Gallatin,74.0,2015,20.0,13.0,4.0,6.0,3.0,0.0,2.0,1.0,3.0,2.0
Greene,163.0,2015,39.0,40.0,8.0,10.0,12.0,5.0,5.0,2.0,4.0,1.0
Grundy,396.0,2015,98.0,99.0,17.0,23.0,19.0,11.0,15.0,7.0,10.0,4.0
Hamilton,94.0,2015,30.0,27.0,6.0,10.0,2.0,2.0,2.0,1.0,3.0,0.0
Hancock,168.0,2015,47.0,45.0,5.0,7.0,3.0,8.0,3.0,3.0,5.0,4.0
Hardin,54.0,2015,11.0,13.0,3.0,10.0,0.0,2.0,2.0,2.0,2.0,0.0
Henderson,79.0,2015,21.0,19.0,7.0,5.0,2.0,3.0,3.0,2.0,1.0,4.0
Henry,559.0,2015,131.0,142.0,23.0,36.0,19.0,7.0,15.0,16.0,13.0,9.0
Iroquois,394.0,2015,90.0,93.0,16.0,25.0,18.0,23.0,14.0,7.0,8.0,7.0
Jackson,471.0,2015,108.0,99.0,19.0,26.0,35.0,16.0,8.0,14.0,12.0,12.0
Jasper,98.0,2015,33.0,24.0,5.0,5.0,8.0,4.0,0.0,0.0,3.0,1.0
Jefferson,433.0,2015,122.0,74.0,17.0,19.0,30.0,24.0,21.0,19.0,9.0,15.0
Jersey,239.0,2015,54.0,44.0,10.0,21.0,21.0,16.0,19.0,3.0,0.0,4.0
Jo Daviess,238.0,2015,57.0,58.0,16.0,10.0,17.0,10.0,4.0,4.0,5.0,0.0
Johnson,116.0,2015,25.0,25.0,8.0,7.0,6.0,1.0,4.0,1.0,0.0,1.0
Kane,3143.0,2015,672.0,699.0,179.0,170.0,118.0,66.0,116.0,97.0,80.0,48.0
Kankakee,1108.0,2015,284.0,267.0,51.0,63.0,41.0,42.0,30.0,15.0,30.0,17.0
Kendall,587.0,2015,137.0,154.0,31.0,37.0,24.0,15.0,13.0,15.0,9.0,7.0
Knox,705.0,2015,172.0,136.0,31.0,69.0,25.0,41.0,22.0,18.0,21.0,7.0
Lake,4557.0,2015,1003.0,1098.0,222.0,237.0,196.0,158.0,153.0,116.0,81.0,87.0
LaSalle,1356.0,2015,346.0,293.0,56.0,89.0,69.0,47.0,42.0,16.0,37.0,24.0
Lawrence,221.0,2015,61.0,44.0,7.0,10.0,8.0,16.0,6.0,2.0,4.0,2.0
Lee,366.0,2015,100.0,85.0,26.0,19.0,23.0,21.0,7.0,4.0,11.0,4.0
Livingston,432.0,2015,113.0,87.0,26.0,11.0,22.0,10.0,10.0,7.0,10.0,4.0
Logan,359.0,2015,74.0,91.0,16.0,29.0,7.0,9.0,5.0,9.0,8.0,5.0
McDonough,325.0,2015,86.0,71.0,14.0,23.0,12.0,6.0,5.0,2.0,12.0,7.0
McHenry,2060.0,2015,456.0,482.0,112.0,115.0,112.0,77.0,49.0,68.0,30.0,28.0
McLean,1195.0,2015,277.0,269.0,52.0,75.0,79.0,60.0,32.0,26.0,20.0,19.0
Macon,1249.0,2015,280.0,275.0,62.0,73.0,55.0,35.0,26.0,28.0,26.0,22.0
Macoupin,545.0,2015,128.0,116.0,27.0,32.0,30.0,13.0,14.0,14.0,13.0,9.0
Madison,2813.0,2015,677.0,657.0,139.0,176.0,175.0,116.0,55.0,67.0,62.0,48.0
Marion,559.0,2015,145.0,128.0,19.0,51.0,24.0,17.0,17.0,18.0,13.0,13.0
Marshall,165.0,2015,42.0,45.0,8.0,7.0,9.0,7.0,2.0,4.0,2.0,1.0
Mason,181.0,2015,37.0,36.0,4.0,10.0,7.0,10.0,5.0,6.0,4.0,3.0
Massac,220.0,2015,57.0,46.0,9.0,20.0,8.0,5.0,5.0,1.0,1.0,4.0
Menard,118.0,2015,17.0,35.0,6.0,6.0,6.0,1.0,5.0,4.0,4.0,2.0
Mercer,184.0,2015,48.0,43.0,12.0,9.0,7.0,10.0,8.0,2.0,0.0,2.0
Monroe,310.0,2015,69.0,77.0,16.0,15.0,12.0,5.0,6.0,4.0,5.0,5.0
Montgomery,366.0,2015,88.0,79.0,26.0,14.0,12.0,28.0,6.0,8.0,9.0,5.0
Morgan,415.0,2015,124.0,96.0,17.0,23.0,23.0,4.0,10.0,7.0,8.0,7.0
Moultrie,198.0,2015,50.0,39.0,8.0,10.0,11.0,3.0,5.0,3.0,3.0,2.0
Ogle,513.0,2015,114.0,122.0,35.0,28.0,19.0,31.0,10.0,14.0,8.0,9.0
Peoria,1887.0,2015,394.0,427.0,116.0,112.0,83.0,57.0,35.0,35.0,66.0,48.0
Perry,252.0,2015,61.0,47.0,13.0,14.0,7.0,9.0,9.0,10.0,4.0,6.0
Piatt,136.0,2015,37.0,33.0,5.0,9.0,5.0,1.0,2.0,2.0,6.0,1.0
Pike,209.0,2015,42.0,52.0,7.0,15.0,12.0,9.0,4.0,3.0,4.0,6.0
Pope,50.0,2015,14.0,14.0,1.0,1.0,1.0,1.0,3.0,2.0,0.0,1.0
Pulaski,106.0,2015,34.0,30.0,0.0,10.0,2.0,3.0,2.0,4.0,2.0,3.0
Putnam,55.0,2015,16.0,15.0,3.0,1.0,1.0,4.0,1.0,0.0,1.0,0.0
Randolph,386.0,2015,96.0,89.0,28.0,22.0,28.0,14.0,8.0,8.0,3.0,5.0
Richland,226.0,2015,52.0,43.0,14.0,12.0,12.0,2.0,3.0,6.0,10.0,7.0
Rock Island,1564.0,2015,424.0,318.0,78.0,95.0,63.0,59.0,39.0,35.0,38.0,28.0
St. Clair,2509.0,2015,552.0,588.0,136.0,139.0,122.0,84.0,86.0,76.0,46.0,68.0
Saline,374.0,2015,72.0,84.0,12.0,35.0,20.0,19.0,4.0,13.0,16.0,10.0
Sangamon,2010.0,2015,444.0,496.0,112.0,89.0,110.0,45.0,51.0,43.0,51.0,48.0
Schuyler,95.0,2015,26.0,23.0,5.0,6.0,6.0,0.0,3.0,3.0,3.0,3.0
Scott,63.0,2015,18.0,17.0,1.0,1.0,2.0,1.0,1.0,2.0,1.0,3.0
Shelby,263.0,2015,74.0,58.0,14.0,13.0,16.0,3.0,8.0,3.0,9.0,3.0
Stark,92.0,2015,18.0,14.0,4.0,9.0,5.0,8.0,3.0,2.0,1.0,2.0
Stephenson,542.0,2015,119.0,117.0,31.0,35.0,21.0,18.0,17.0,9.0,2.0,9.0
Tazewell,1498.0,2015,365.0,343.0,82.0,85.0,75.0,50.0,33.0,24.0,38.0,29.0
Union,230.0,2015,47.0,54.0,12.0,15.0,7.0,9.0,6.0,10.0,7.0,5.0
Vermilion,1019.0,2015,289.0,218.0,50.0,84.0,47.0,28.0,19.0,35.0,7.0,14.0
Wabash,136.0,2015,32.0,26.0,5.0,7.0,6.0,2.0,3.0,1.0,2.0,1.0
Warren,192.0,2015,46.0,38.0,8.0,22.0,8.0,6.0,3.0,4.0,3.0,2.0
Washington,157.0,2015,38.0,27.0,11.0,12.0,22.0,3.0,1.0,3.0,4.0,3.0
Wayne,192.0,2015,48.0,52.0,8.0,19.0,4.0,4.0,5.0,4.0,6.0,2.0
White,238.0,2015,53.0,45.0,13.0,18.0,7.0,4.0,5.0,8.0,5.0,11.0
Whiteside,646.0,2015,182.0,139.0,26.0,56.0,29.0,15.0,14.0,16.0,7.0,11.0
Will,4331.0,2015,1031.0,1046.0,243.0,214.0,211.0,122.0,109.0,110.0,74.0,59.0
Williamson,740.0,2015,124.0,148.0,40.0,66.0,48.0,22.0,16.0,24.0,22.0,34.0
Winnebago,3003.0,2015,718.0,690.0,137.0,169.0,191.0,98.0,50.0,75.0,60.0,41.0
Woodford,412.0,2015,97.0,98.0,25.0,29.0,16.0,23.0,8.0,5.0,13.0,2.0
